nom,prenom,email,groupe
Bennani,Fatima,fatima.bennani1@etu.uae.ac.ma,GP_GÉN
Tazi,Ahmed,ahmed.tazi2@etu.uae.ac.ma,GP_GÉN
Idrissi,Sara,sara.idrissi3@etu.uae.ac.ma,GP_GÉN
Kettani,Karim,karim.kettani4@etu.uae.ac.ma,GP_GÉN
Amrani,Youssef,youssef.amrani5@etu.uae.ac.ma,GP_GÉN
Chraibi,Laila,laila.chraibi6@etu.uae.ac.ma,GP_GÉN
Fassi,Omar,omar.fassi7@etu.uae.ac.ma,GP_GÉN
Benjelloun,Nadia,nadia.benjelloun8@etu.uae.ac.ma,GP_GÉN
Sefrioui,Hassan,hassan.sefrioui9@etu.uae.ac.ma,GP_GÉN
Badri,Meryem,meryem.badri10@etu.uae.ac.ma,GP_GÉN
Zahraoui,Rachid,rachid.zahraoui11@etu.uae.ac.ma,GP_GÉN
Cherkaoui,Samira,samira.cherkaoui12@etu.uae.ac.ma,GP_GÉN
Mansouri,Khalid,khalid.mansouri13@etu.uae.ac.ma,GP_GÉN
Tounsi,Imane,imane.tounsi14@etu.uae.ac.ma,GP_GÉN
Hajji,Abdelkader,abdelkader.hajji15@etu.uae.ac.ma,GP_GÉN
Lahlou,Houda,houda.lahlou16@etu.uae.ac.ma,GP_GÉN
Bouzidi,Mustapha,mustapha.bouzidi17@etu.uae.ac.ma,GP_GÉN
Haddaoui,Asma,asma.haddaoui18@etu.uae.ac.ma,GP_GÉN
Naji,Driss,driss.naji19@etu.uae.ac.ma,GP_GÉN
Moussaoui,Sanae,sanae.moussaoui20@etu.uae.ac.ma,GP_GÉN
Berrada,Hamza,hamza.berrada21@etu.uae.ac.ma,GP_GÉN
Filali,Zineb,zineb.filali22@etu.uae.ac.ma,GP_GÉN
Kadiri,Amine,amine.kadiri23@etu.uae.ac.ma,GP_GÉN
Ouazzani,Khadija,khadija.ouazzani24@etu.uae.ac.ma,GP_GÉN
Senhaji,Othmane,othmane.senhaji25@etu.uae.ac.ma,GP_GÉN
Benkirane,Leila,leila.benkirane26@etu.uae.ac.ma,GP_GÉN
Tahiri,Brahim,brahim.tahiri27@etu.uae.ac.ma,GP_GÉN
Kabbaj,Salma,salma.kabbaj28@etu.uae.ac.ma,GP_GÉN
Bennai,Yassir,yassir.bennai29@etu.uae.ac.ma,GP_GÉN
Alami,Mohammed,mohammed.alami30@etu.uae.ac.ma,GP_GÉN
Bennani,Fatima,fatima.bennani31@etu.uae.ac.ma,GP_GÉN
Tazi,Ahmed,ahmed.tazi32@etu.uae.ac.ma,GP_GÉN
Idrissi,Sara,sara.idrissi33@etu.uae.ac.ma,GP_GÉN
Kettani,Karim,karim.kettani34@etu.uae.ac.ma,GP_GÉN
Amrani,Youssef,youssef.amrani35@etu.uae.ac.ma,GP_GÉN
Chraibi,Laila,laila.chraibi36@etu.uae.ac.ma,GP_GÉN
Fassi,Omar,omar.fassi37@etu.uae.ac.ma,GP_GÉN
Benjelloun,Nadia,nadia.benjelloun38@etu.uae.ac.ma,GP_GÉN
Sefrioui,Hassan,hassan.sefrioui39@etu.uae.ac.ma,GP_GÉN
Badri,Meryem,meryem.badri40@etu.uae.ac.ma,GP_GÉN
Zahraoui,Rachid,rachid.zahraoui41@etu.uae.ac.ma,GP_GÉN
Cherkaoui,Samira,samira.cherkaoui42@etu.uae.ac.ma,GP_GÉN
Mansouri,Khalid,khalid.mansouri43@etu.uae.ac.ma,GP_GÉN
Tounsi,Imane,imane.tounsi44@etu.uae.ac.ma,GP_GÉN
Hajji,Abdelkader,abdelkader.hajji45@etu.uae.ac.ma,GP_GÉN
Lahlou,Houda,houda.lahlou46@etu.uae.ac.ma,GP_GÉN
Bouzidi,Mustapha,mustapha.bouzidi47@etu.uae.ac.ma,GP_GÉN
Haddaoui,Asma,asma.haddaoui48@etu.uae.ac.ma,GP_GÉN
Naji,Driss,driss.naji49@etu.uae.ac.ma,GP_GÉN
Moussaoui,Sanae,sanae.moussaoui50@etu.uae.ac.ma,GP_GÉN
Berrada,Hamza,hamza.berrada51@etu.uae.ac.ma,Gr_GÉN_1
Filali,Zineb,zineb.filali52@etu.uae.ac.ma,Gr_GÉN_1
Kadiri,Amine,amine.kadiri53@etu.uae.ac.ma,Gr_GÉN_1
Ouazzani,Khadija,khadija.ouazzani54@etu.uae.ac.ma,Gr_GÉN_1
Senhaji,Othmane,othmane.senhaji55@etu.uae.ac.ma,Gr_GÉN_1
Benkirane,Leila,leila.benkirane56@etu.uae.ac.ma,Gr_GÉN_1
Tahiri,Brahim,brahim.tahiri57@etu.uae.ac.ma,Gr_GÉN_1
Kabbaj,Salma,salma.kabbaj58@etu.uae.ac.ma,Gr_GÉN_1
Bennai,Yassir,yassir.bennai59@etu.uae.ac.ma,Gr_GÉN_1
Alami,Mohammed,mohammed.alami60@etu.uae.ac.ma,Gr_GÉN_1
Bennani,Fatima,fatima.bennani61@etu.uae.ac.ma,Gr_GÉN_1
Tazi,Ahmed,ahmed.tazi62@etu.uae.ac.ma,Gr_GÉN_1
Idrissi,Sara,sara.idrissi63@etu.uae.ac.ma,Gr_GÉN_1
Kettani,Karim,karim.kettani64@etu.uae.ac.ma,Gr_GÉN_1
Amrani,Youssef,youssef.amrani65@etu.uae.ac.ma,Gr_GÉN_1
Chraibi,Laila,laila.chraibi66@etu.uae.ac.ma,Gr_GÉN_1
Fassi,Omar,omar.fassi67@etu.uae.ac.ma,Gr_GÉN_1
Benjelloun,Nadia,nadia.benjelloun68@etu.uae.ac.ma,Gr_GÉN_1
Sefrioui,Hassan,hassan.sefrioui69@etu.uae.ac.ma,Gr_GÉN_1
Badri,Meryem,meryem.badri70@etu.uae.ac.ma,Gr_GÉN_1
Zahraoui,Rachid,rachid.zahraoui71@etu.uae.ac.ma,Gr_GÉN_1
Cherkaoui,Samira,samira.cherkaoui72@etu.uae.ac.ma,Gr_GÉN_1
Mansouri,Khalid,khalid.mansouri73@etu.uae.ac.ma,Gr_GÉN_1
Tounsi,Imane,imane.tounsi74@etu.uae.ac.ma,Gr_GÉN_1
Hajji,Abdelkader,abdelkader.hajji75@etu.uae.ac.ma,Gr_GÉN_1
Lahlou,Houda,houda.lahlou76@etu.uae.ac.ma,Gr_GÉN_2
Bouzidi,Mustapha,mustapha.bouzidi77@etu.uae.ac.ma,Gr_GÉN_2
Haddaoui,Asma,asma.haddaoui78@etu.uae.ac.ma,Gr_GÉN_2
Naji,Driss,driss.naji79@etu.uae.ac.ma,Gr_GÉN_2
Moussaoui,Sanae,sanae.moussaoui80@etu.uae.ac.ma,Gr_GÉN_2
Berrada,Hamza,hamza.berrada81@etu.uae.ac.ma,Gr_GÉN_2
Filali,Zineb,zineb.filali82@etu.uae.ac.ma,Gr_GÉN_2
Kadiri,Amine,amine.kadiri83@etu.uae.ac.ma,Gr_GÉN_2
Ouazzani,Khadija,khadija.ouazzani84@etu.uae.ac.ma,Gr_GÉN_2
Senhaji,Othmane,othmane.senhaji85@etu.uae.ac.ma,Gr_GÉN_2
Benkirane,Leila,leila.benkirane86@etu.uae.ac.ma,Gr_GÉN_2
Tahiri,Brahim,brahim.tahiri87@etu.uae.ac.ma,Gr_GÉN_2
Kabbaj,Salma,salma.kabbaj88@etu.uae.ac.ma,Gr_GÉN_2
Bennai,Yassir,yassir.bennai89@etu.uae.ac.ma,Gr_GÉN_2
Alami,Mohammed,mohammed.alami90@etu.uae.ac.ma,Gr_GÉN_2
Bennani,Fatima,fatima.bennani91@etu.uae.ac.ma,Gr_GÉN_2
Tazi,Ahmed,ahmed.tazi92@etu.uae.ac.ma,Gr_GÉN_2
Idrissi,Sara,sara.idrissi93@etu.uae.ac.ma,Gr_GÉN_2
Kettani,Karim,karim.kettani94@etu.uae.ac.ma,Gr_GÉN_2
Amrani,Youssef,youssef.amrani95@etu.uae.ac.ma,Gr_GÉN_2
Chraibi,Laila,laila.chraibi96@etu.uae.ac.ma,Gr_GÉN_2
Fassi,Omar,omar.fassi97@etu.uae.ac.ma,Gr_GÉN_2
Benjelloun,Nadia,nadia.benjelloun98@etu.uae.ac.ma,Gr_GÉN_2
Sefrioui,Hassan,hassan.sefrioui99@etu.uae.ac.ma,Gr_GÉN_2
Badri,Meryem,meryem.badri100@etu.uae.ac.ma,Gr_GÉN_2
Zahraoui,Rachid,rachid.zahraoui101@etu.uae.ac.ma,GP_ÉNE
Cherkaoui,Samira,samira.cherkaoui102@etu.uae.ac.ma,GP_ÉNE
Mansouri,Khalid,khalid.mansouri103@etu.uae.ac.ma,GP_ÉNE
Tounsi,Imane,imane.tounsi104@etu.uae.ac.ma,GP_ÉNE
Hajji,Abdelkader,abdelkader.hajji105@etu.uae.ac.ma,GP_ÉNE
Lahlou,Houda,houda.lahlou106@etu.uae.ac.ma,GP_ÉNE
Bouzidi,Mustapha,mustapha.bouzidi107@etu.uae.ac.ma,GP_ÉNE
Haddaoui,Asma,asma.haddaoui108@etu.uae.ac.ma,GP_ÉNE
Naji,Driss,driss.naji109@etu.uae.ac.ma,GP_ÉNE
Moussaoui,Sanae,sanae.moussaoui110@etu.uae.ac.ma,GP_ÉNE
Berrada,Hamza,hamza.berrada111@etu.uae.ac.ma,GP_ÉNE
Filali,Zineb,zineb.filali112@etu.uae.ac.ma,GP_ÉNE
Kadiri,Amine,amine.kadiri113@etu.uae.ac.ma,GP_ÉNE
Ouazzani,Khadija,khadija.ouazzani114@etu.uae.ac.ma,GP_ÉNE
Senhaji,Othmane,othmane.senhaji115@etu.uae.ac.ma,GP_ÉNE
Benkirane,Leila,leila.benkirane116@etu.uae.ac.ma,GP_ÉNE
Tahiri,Brahim,brahim.tahiri117@etu.uae.ac.ma,GP_ÉNE
Kabbaj,Salma,salma.kabbaj118@etu.uae.ac.ma,GP_ÉNE
Bennai,Yassir,yassir.bennai119@etu.uae.ac.ma,GP_ÉNE
Alami,Mohammed,mohammed.alami120@etu.uae.ac.ma,GP_ÉNE
Bennani,Fatima,fatima.bennani121@etu.uae.ac.ma,GP_ÉNE
Tazi,Ahmed,ahmed.tazi122@etu.uae.ac.ma,GP_ÉNE
Idrissi,Sara,sara.idrissi123@etu.uae.ac.ma,GP_ÉNE
Kettani,Karim,karim.kettani124@etu.uae.ac.ma,GP_ÉNE
Amrani,Youssef,youssef.amrani125@etu.uae.ac.ma,GP_ÉNE
Chraibi,Laila,laila.chraibi126@etu.uae.ac.ma,GP_ÉNE
Fassi,Omar,omar.fassi127@etu.uae.ac.ma,GP_ÉNE
Benjelloun,Nadia,nadia.benjelloun128@etu.uae.ac.ma,GP_ÉNE
Sefrioui,Hassan,hassan.sefrioui129@etu.uae.ac.ma,GP_ÉNE
Badri,Meryem,meryem.badri130@etu.uae.ac.ma,GP_ÉNE
Zahraoui,Rachid,rachid.zahraoui131@etu.uae.ac.ma,GP_ÉNE
Cherkaoui,Samira,samira.cherkaoui132@etu.uae.ac.ma,GP_ÉNE
Mansouri,Khalid,khalid.mansouri133@etu.uae.ac.ma,GP_ÉNE
Tounsi,Imane,imane.tounsi134@etu.uae.ac.ma,GP_ÉNE
Hajji,Abdelkader,abdelkader.hajji135@etu.uae.ac.ma,GP_ÉNE
Lahlou,Houda,houda.lahlou136@etu.uae.ac.ma,GP_ÉNE
Bouzidi,Mustapha,mustapha.bouzidi137@etu.uae.ac.ma,GP_ÉNE
Haddaoui,Asma,asma.haddaoui138@etu.uae.ac.ma,GP_ÉNE
Naji,Driss,driss.naji139@etu.uae.ac.ma,GP_ÉNE
Moussaoui,Sanae,sanae.moussaoui140@etu.uae.ac.ma,GP_ÉNE
Berrada,Hamza,hamza.berrada141@etu.uae.ac.ma,GP_ÉNE
Filali,Zineb,zineb.filali142@etu.uae.ac.ma,GP_ÉNE
Kadiri,Amine,amine.kadiri143@etu.uae.ac.ma,GP_ÉNE
Ouazzani,Khadija,khadija.ouazzani144@etu.uae.ac.ma,GP_ÉNE
Senhaji,Othmane,othmane.senhaji145@etu.uae.ac.ma,GP_ÉNE
Benkirane,Leila,leila.benkirane146@etu.uae.ac.ma,GP_ÉNE
Tahiri,Brahim,brahim.tahiri147@etu.uae.ac.ma,GP_ÉNE
Kabbaj,Salma,salma.kabbaj148@etu.uae.ac.ma,GP_ÉNE
Bennai,Yassir,yassir.bennai149@etu.uae.ac.ma,GP_ÉNE
Alami,Mohammed,mohammed.alami150@etu.uae.ac.ma,GP_ÉNE
Bennani,Fatima,fatima.bennani151@etu.uae.ac.ma,Gr_ÉNE_1
Tazi,Ahmed,ahmed.tazi152@etu.uae.ac.ma,Gr_ÉNE_1
Idrissi,Sara,sara.idrissi153@etu.uae.ac.ma,Gr_ÉNE_1
Kettani,Karim,karim.kettani154@etu.uae.ac.ma,Gr_ÉNE_1
Amrani,Youssef,youssef.amrani155@etu.uae.ac.ma,Gr_ÉNE_1
Chraibi,Laila,laila.chraibi156@etu.uae.ac.ma,Gr_ÉNE_1
Fassi,Omar,omar.fassi157@etu.uae.ac.ma,Gr_ÉNE_1
Benjelloun,Nadia,nadia.benjelloun158@etu.uae.ac.ma,Gr_ÉNE_1
Sefrioui,Hassan,hassan.sefrioui159@etu.uae.ac.ma,Gr_ÉNE_1
Badri,Meryem,meryem.badri160@etu.uae.ac.ma,Gr_ÉNE_1
Zahraoui,Rachid,rachid.zahraoui161@etu.uae.ac.ma,Gr_ÉNE_1
Cherkaoui,Samira,samira.cherkaoui162@etu.uae.ac.ma,Gr_ÉNE_1
Mansouri,Khalid,khalid.mansouri163@etu.uae.ac.ma,Gr_ÉNE_1
Tounsi,Imane,imane.tounsi164@etu.uae.ac.ma,Gr_ÉNE_1
Hajji,Abdelkader,abdelkader.hajji165@etu.uae.ac.ma,Gr_ÉNE_1
Lahlou,Houda,houda.lahlou166@etu.uae.ac.ma,Gr_ÉNE_1
Bouzidi,Mustapha,mustapha.bouzidi167@etu.uae.ac.ma,Gr_ÉNE_1
Haddaoui,Asma,asma.haddaoui168@etu.uae.ac.ma,Gr_ÉNE_1
Naji,Driss,driss.naji169@etu.uae.ac.ma,Gr_ÉNE_1
Moussaoui,Sanae,sanae.moussaoui170@etu.uae.ac.ma,Gr_ÉNE_1
Berrada,Hamza,hamza.berrada171@etu.uae.ac.ma,Gr_ÉNE_1
Filali,Zineb,zineb.filali172@etu.uae.ac.ma,Gr_ÉNE_1
Kadiri,Amine,amine.kadiri173@etu.uae.ac.ma,Gr_ÉNE_1
Ouazzani,Khadija,khadija.ouazzani174@etu.uae.ac.ma,Gr_ÉNE_1
Senhaji,Othmane,othmane.senhaji175@etu.uae.ac.ma,Gr_ÉNE_1
Benkirane,Leila,leila.benkirane176@etu.uae.ac.ma,Gr_ÉNE_2
Tahiri,Brahim,brahim.tahiri177@etu.uae.ac.ma,Gr_ÉNE_2
Kabbaj,Salma,salma.kabbaj178@etu.uae.ac.ma,Gr_ÉNE_2
Bennai,Yassir,yassir.bennai179@etu.uae.ac.ma,Gr_ÉNE_2
Alami,Mohammed,mohammed.alami180@etu.uae.ac.ma,Gr_ÉNE_2
Bennani,Fatima,fatima.bennani181@etu.uae.ac.ma,Gr_ÉNE_2
Tazi,Ahmed,ahmed.tazi182@etu.uae.ac.ma,Gr_ÉNE_2
Idrissi,Sara,sara.idrissi183@etu.uae.ac.ma,Gr_ÉNE_2
Kettani,Karim,karim.kettani184@etu.uae.ac.ma,Gr_ÉNE_2
Amrani,Youssef,youssef.amrani185@etu.uae.ac.ma,Gr_ÉNE_2
Chraibi,Laila,laila.chraibi186@etu.uae.ac.ma,Gr_ÉNE_2
Fassi,Omar,omar.fassi187@etu.uae.ac.ma,Gr_ÉNE_2
Benjelloun,Nadia,nadia.benjelloun188@etu.uae.ac.ma,Gr_ÉNE_2
Sefrioui,Hassan,hassan.sefrioui189@etu.uae.ac.ma,Gr_ÉNE_2
Badri,Meryem,meryem.badri190@etu.uae.ac.ma,Gr_ÉNE_2
Zahraoui,Rachid,rachid.zahraoui191@etu.uae.ac.ma,Gr_ÉNE_2
Cherkaoui,Samira,samira.cherkaoui192@etu.uae.ac.ma,Gr_ÉNE_2
Mansouri,Khalid,khalid.mansouri193@etu.uae.ac.ma,Gr_ÉNE_2
Tounsi,Imane,imane.tounsi194@etu.uae.ac.ma,Gr_ÉNE_2
Hajji,Abdelkader,abdelkader.hajji195@etu.uae.ac.ma,Gr_ÉNE_2
Lahlou,Houda,houda.lahlou196@etu.uae.ac.ma,Gr_ÉNE_2
Bouzidi,Mustapha,mustapha.bouzidi197@etu.uae.ac.ma,Gr_ÉNE_2
Haddaoui,Asma,asma.haddaoui198@etu.uae.ac.ma,Gr_ÉNE_2
Naji,Driss,driss.naji199@etu.uae.ac.ma,Gr_ÉNE_2
Moussaoui,Sanae,sanae.moussaoui200@etu.uae.ac.ma,Gr_ÉNE_2
Berrada,Hamza,hamza.berrada201@etu.uae.ac.ma,GP_ANA
Filali,Zineb,zineb.filali202@etu.uae.ac.ma,GP_ANA
Kadiri,Amine,amine.kadiri203@etu.uae.ac.ma,GP_ANA
Ouazzani,Khadija,khadija.ouazzani204@etu.uae.ac.ma,GP_ANA
Senhaji,Othmane,othmane.senhaji205@etu.uae.ac.ma,GP_ANA
Benkirane,Leila,leila.benkirane206@etu.uae.ac.ma,GP_ANA
Tahiri,Brahim,brahim.tahiri207@etu.uae.ac.ma,GP_ANA
Kabbaj,Salma,salma.kabbaj208@etu.uae.ac.ma,GP_ANA
Bennai,Yassir,yassir.bennai209@etu.uae.ac.ma,GP_ANA
Alami,Mohammed,mohammed.alami210@etu.uae.ac.ma,GP_ANA
Bennani,Fatima,fatima.bennani211@etu.uae.ac.ma,GP_ANA
Tazi,Ahmed,ahmed.tazi212@etu.uae.ac.ma,GP_ANA
Idrissi,Sara,sara.idrissi213@etu.uae.ac.ma,GP_ANA
Kettani,Karim,karim.kettani214@etu.uae.ac.ma,GP_ANA
Amrani,Youssef,youssef.amrani215@etu.uae.ac.ma,GP_ANA
Chraibi,Laila,laila.chraibi216@etu.uae.ac.ma,GP_ANA
Fassi,Omar,omar.fassi217@etu.uae.ac.ma,GP_ANA
Benjelloun,Nadia,nadia.benjelloun218@etu.uae.ac.ma,GP_ANA
Sefrioui,Hassan,hassan.sefrioui219@etu.uae.ac.ma,GP_ANA
Badri,Meryem,meryem.badri220@etu.uae.ac.ma,GP_ANA
Zahraoui,Rachid,rachid.zahraoui221@etu.uae.ac.ma,GP_ANA
Cherkaoui,Samira,samira.cherkaoui222@etu.uae.ac.ma,GP_ANA
Mansouri,Khalid,khalid.mansouri223@etu.uae.ac.ma,GP_ANA
Tounsi,Imane,imane.tounsi224@etu.uae.ac.ma,GP_ANA
Hajji,Abdelkader,abdelkader.hajji225@etu.uae.ac.ma,GP_ANA
Lahlou,Houda,houda.lahlou226@etu.uae.ac.ma,GP_ANA
Bouzidi,Mustapha,mustapha.bouzidi227@etu.uae.ac.ma,GP_ANA
Haddaoui,Asma,asma.haddaoui228@etu.uae.ac.ma,GP_ANA
Naji,Driss,driss.naji229@etu.uae.ac.ma,GP_ANA
Moussaoui,Sanae,sanae.moussaoui230@etu.uae.ac.ma,GP_ANA
Berrada,Hamza,hamza.berrada231@etu.uae.ac.ma,GP_ANA
Filali,Zineb,zineb.filali232@etu.uae.ac.ma,GP_ANA
Kadiri,Amine,amine.kadiri233@etu.uae.ac.ma,GP_ANA
Ouazzani,Khadija,khadija.ouazzani234@etu.uae.ac.ma,GP_ANA
Senhaji,Othmane,othmane.senhaji235@etu.uae.ac.ma,GP_ANA
Benkirane,Leila,leila.benkirane236@etu.uae.ac.ma,GP_ANA
Tahiri,Brahim,brahim.tahiri237@etu.uae.ac.ma,GP_ANA
Kabbaj,Salma,salma.kabbaj238@etu.uae.ac.ma,GP_ANA
Bennai,Yassir,yassir.bennai239@etu.uae.ac.ma,GP_ANA
Alami,Mohammed,mohammed.alami240@etu.uae.ac.ma,GP_ANA
Bennani,Fatima,fatima.bennani241@etu.uae.ac.ma,GP_ANA
Tazi,Ahmed,ahmed.tazi242@etu.uae.ac.ma,GP_ANA
Idrissi,Sara,sara.idrissi243@etu.uae.ac.ma,GP_ANA
Kettani,Karim,karim.kettani244@etu.uae.ac.ma,GP_ANA
Amrani,Youssef,youssef.amrani245@etu.uae.ac.ma,GP_ANA
Chraibi,Laila,laila.chraibi246@etu.uae.ac.ma,GP_ANA
Fassi,Omar,omar.fassi247@etu.uae.ac.ma,GP_ANA
Benjelloun,Nadia,nadia.benjelloun248@etu.uae.ac.ma,GP_ANA
Sefrioui,Hassan,hassan.sefrioui249@etu.uae.ac.ma,GP_ANA
Badri,Meryem,meryem.badri250@etu.uae.ac.ma,GP_ANA
Zahraoui,Rachid,rachid.zahraoui251@etu.uae.ac.ma,Gr_ANA_1
Cherkaoui,Samira,samira.cherkaoui252@etu.uae.ac.ma,Gr_ANA_1
Mansouri,Khalid,khalid.mansouri253@etu.uae.ac.ma,Gr_ANA_1
Tounsi,Imane,imane.tounsi254@etu.uae.ac.ma,Gr_ANA_1
Hajji,Abdelkader,abdelkader.hajji255@etu.uae.ac.ma,Gr_ANA_1
Lahlou,Houda,houda.lahlou256@etu.uae.ac.ma,Gr_ANA_1
Bouzidi,Mustapha,mustapha.bouzidi257@etu.uae.ac.ma,Gr_ANA_1
Haddaoui,Asma,asma.haddaoui258@etu.uae.ac.ma,Gr_ANA_1
Naji,Driss,driss.naji259@etu.uae.ac.ma,Gr_ANA_1
Moussaoui,Sanae,sanae.moussaoui260@etu.uae.ac.ma,Gr_ANA_1
Berrada,Hamza,hamza.berrada261@etu.uae.ac.ma,Gr_ANA_1
Filali,Zineb,zineb.filali262@etu.uae.ac.ma,Gr_ANA_1
Kadiri,Amine,amine.kadiri263@etu.uae.ac.ma,Gr_ANA_1
Ouazzani,Khadija,khadija.ouazzani264@etu.uae.ac.ma,Gr_ANA_1
Senhaji,Othmane,othmane.senhaji265@etu.uae.ac.ma,Gr_ANA_1
Benkirane,Leila,leila.benkirane266@etu.uae.ac.ma,Gr_ANA_1
Tahiri,Brahim,brahim.tahiri267@etu.uae.ac.ma,Gr_ANA_1
Kabbaj,Salma,salma.kabbaj268@etu.uae.ac.ma,Gr_ANA_1
Bennai,Yassir,yassir.bennai269@etu.uae.ac.ma,Gr_ANA_1
Alami,Mohammed,mohammed.alami270@etu.uae.ac.ma,Gr_ANA_1
Bennani,Fatima,fatima.bennani271@etu.uae.ac.ma,Gr_ANA_1
Tazi,Ahmed,ahmed.tazi272@etu.uae.ac.ma,Gr_ANA_1
Idrissi,Sara,sara.idrissi273@etu.uae.ac.ma,Gr_ANA_1
Kettani,Karim,karim.kettani274@etu.uae.ac.ma,Gr_ANA_1
Amrani,Youssef,youssef.amrani275@etu.uae.ac.ma,Gr_ANA_1
Chraibi,Laila,laila.chraibi276@etu.uae.ac.ma,Gr_ANA_2
Fassi,Omar,omar.fassi277@etu.uae.ac.ma,Gr_ANA_2
Benjelloun,Nadia,nadia.benjelloun278@etu.uae.ac.ma,Gr_ANA_2
Sefrioui,Hassan,hassan.sefrioui279@etu.uae.ac.ma,Gr_ANA_2
Badri,Meryem,meryem.badri280@etu.uae.ac.ma,Gr_ANA_2
Zahraoui,Rachid,rachid.zahraoui281@etu.uae.ac.ma,Gr_ANA_2
Cherkaoui,Samira,samira.cherkaoui282@etu.uae.ac.ma,Gr_ANA_2
Mansouri,Khalid,khalid.mansouri283@etu.uae.ac.ma,Gr_ANA_2
Tounsi,Imane,imane.tounsi284@etu.uae.ac.ma,Gr_ANA_2
Hajji,Abdelkader,abdelkader.hajji285@etu.uae.ac.ma,Gr_ANA_2
Lahlou,Houda,houda.lahlou286@etu.uae.ac.ma,Gr_ANA_2
Bouzidi,Mustapha,mustapha.bouzidi287@etu.uae.ac.ma,Gr_ANA_2
Haddaoui,Asma,asma.haddaoui288@etu.uae.ac.ma,Gr_ANA_2
Naji,Driss,driss.naji289@etu.uae.ac.ma,Gr_ANA_2
Moussaoui,Sanae,sanae.moussaoui290@etu.uae.ac.ma,Gr_ANA_2
Berrada,Hamza,hamza.berrada291@etu.uae.ac.ma,Gr_ANA_2
Filali,Zineb,zineb.filali292@etu.uae.ac.ma,Gr_ANA_2
Kadiri,Amine,amine.kadiri293@etu.uae.ac.ma,Gr_ANA_2
Ouazzani,Khadija,khadija.ouazzani294@etu.uae.ac.ma,Gr_ANA_2
Senhaji,Othmane,othmane.senhaji295@etu.uae.ac.ma,Gr_ANA_2
Benkirane,Leila,leila.benkirane296@etu.uae.ac.ma,Gr_ANA_2
Tahiri,Brahim,brahim.tahiri297@etu.uae.ac.ma,Gr_ANA_2
Kabbaj,Salma,salma.kabbaj298@etu.uae.ac.ma,Gr_ANA_2
Bennai,Yassir,yassir.bennai299@etu.uae.ac.ma,Gr_ANA_2
Alami,Mohammed,mohammed.alami300@etu.uae.ac.ma,Gr_ANA_2
Bennani,Fatima,fatima.bennani301@etu.uae.ac.ma,GP_ING
Tazi,Ahmed,ahmed.tazi302@etu.uae.ac.ma,GP_ING
Idrissi,Sara,sara.idrissi303@etu.uae.ac.ma,GP_ING
Kettani,Karim,karim.kettani304@etu.uae.ac.ma,GP_ING
Amrani,Youssef,youssef.amrani305@etu.uae.ac.ma,GP_ING
Chraibi,Laila,laila.chraibi306@etu.uae.ac.ma,GP_ING
Fassi,Omar,omar.fassi307@etu.uae.ac.ma,GP_ING
Benjelloun,Nadia,nadia.benjelloun308@etu.uae.ac.ma,GP_ING
Sefrioui,Hassan,hassan.sefrioui309@etu.uae.ac.ma,GP_ING
Badri,Meryem,meryem.badri310@etu.uae.ac.ma,GP_ING
Zahraoui,Rachid,rachid.zahraoui311@etu.uae.ac.ma,GP_ING
Cherkaoui,Samira,samira.cherkaoui312@etu.uae.ac.ma,GP_ING
Mansouri,Khalid,khalid.mansouri313@etu.uae.ac.ma,GP_ING
Tounsi,Imane,imane.tounsi314@etu.uae.ac.ma,GP_ING
Hajji,Abdelkader,abdelkader.hajji315@etu.uae.ac.ma,GP_ING
Lahlou,Houda,houda.lahlou316@etu.uae.ac.ma,GP_ING
Bouzidi,Mustapha,mustapha.bouzidi317@etu.uae.ac.ma,GP_ING
Haddaoui,Asma,asma.haddaoui318@etu.uae.ac.ma,GP_ING
Naji,Driss,driss.naji319@etu.uae.ac.ma,GP_ING
Moussaoui,Sanae,sanae.moussaoui320@etu.uae.ac.ma,GP_ING
Berrada,Hamza,hamza.berrada321@etu.uae.ac.ma,GP_ING
Filali,Zineb,zineb.filali322@etu.uae.ac.ma,GP_ING
Kadiri,Amine,amine.kadiri323@etu.uae.ac.ma,GP_ING
Ouazzani,Khadija,khadija.ouazzani324@etu.uae.ac.ma,GP_ING
Senhaji,Othmane,othmane.senhaji325@etu.uae.ac.ma,GP_ING
Benkirane,Leila,leila.benkirane326@etu.uae.ac.ma,GP_ING
Tahiri,Brahim,brahim.tahiri327@etu.uae.ac.ma,GP_ING
Kabbaj,Salma,salma.kabbaj328@etu.uae.ac.ma,GP_ING
Bennai,Yassir,yassir.bennai329@etu.uae.ac.ma,GP_ING
Alami,Mohammed,mohammed.alami330@etu.uae.ac.ma,GP_ING
Bennani,Fatima,fatima.bennani331@etu.uae.ac.ma,GP_ING
Tazi,Ahmed,ahmed.tazi332@etu.uae.ac.ma,GP_ING
Idrissi,Sara,sara.idrissi333@etu.uae.ac.ma,GP_ING
Kettani,Karim,karim.kettani334@etu.uae.ac.ma,GP_ING
Amrani,Youssef,youssef.amrani335@etu.uae.ac.ma,GP_ING
Chraibi,Laila,laila.chraibi336@etu.uae.ac.ma,GP_ING
Fassi,Omar,omar.fassi337@etu.uae.ac.ma,GP_ING
Benjelloun,Nadia,nadia.benjelloun338@etu.uae.ac.ma,GP_ING
Sefrioui,Hassan,hassan.sefrioui339@etu.uae.ac.ma,GP_ING
Badri,Meryem,meryem.badri340@etu.uae.ac.ma,GP_ING
Zahraoui,Rachid,rachid.zahraoui341@etu.uae.ac.ma,GP_ING
Cherkaoui,Samira,samira.cherkaoui342@etu.uae.ac.ma,GP_ING
Mansouri,Khalid,khalid.mansouri343@etu.uae.ac.ma,GP_ING
Tounsi,Imane,imane.tounsi344@etu.uae.ac.ma,GP_ING
Hajji,Abdelkader,abdelkader.hajji345@etu.uae.ac.ma,GP_ING
Lahlou,Houda,houda.lahlou346@etu.uae.ac.ma,GP_ING
Bouzidi,Mustapha,mustapha.bouzidi347@etu.uae.ac.ma,GP_ING
Haddaoui,Asma,asma.haddaoui348@etu.uae.ac.ma,GP_ING
Naji,Driss,driss.naji349@etu.uae.ac.ma,GP_ING
Moussaoui,Sanae,sanae.moussaoui350@etu.uae.ac.ma,GP_ING
Berrada,Hamza,hamza.berrada351@etu.uae.ac.ma,Gr_ING_1
Filali,Zineb,zineb.filali352@etu.uae.ac.ma,Gr_ING_1
Kadiri,Amine,amine.kadiri353@etu.uae.ac.ma,Gr_ING_1
Ouazzani,Khadija,khadija.ouazzani354@etu.uae.ac.ma,Gr_ING_1
Senhaji,Othmane,othmane.senhaji355@etu.uae.ac.ma,Gr_ING_1
Benkirane,Leila,leila.benkirane356@etu.uae.ac.ma,Gr_ING_1
Tahiri,Brahim,brahim.tahiri357@etu.uae.ac.ma,Gr_ING_1
Kabbaj,Salma,salma.kabbaj358@etu.uae.ac.ma,Gr_ING_1
Bennai,Yassir,yassir.bennai359@etu.uae.ac.ma,Gr_ING_1
Alami,Mohammed,mohammed.alami360@etu.uae.ac.ma,Gr_ING_1
Bennani,Fatima,fatima.bennani361@etu.uae.ac.ma,Gr_ING_1
Tazi,Ahmed,ahmed.tazi362@etu.uae.ac.ma,Gr_ING_1
Idrissi,Sara,sara.idrissi363@etu.uae.ac.ma,Gr_ING_1
Kettani,Karim,karim.kettani364@etu.uae.ac.ma,Gr_ING_1
Amrani,Youssef,youssef.amrani365@etu.uae.ac.ma,Gr_ING_1
Chraibi,Laila,laila.chraibi366@etu.uae.ac.ma,Gr_ING_1
Fassi,Omar,omar.fassi367@etu.uae.ac.ma,Gr_ING_1
Benjelloun,Nadia,nadia.benjelloun368@etu.uae.ac.ma,Gr_ING_1
Sefrioui,Hassan,hassan.sefrioui369@etu.uae.ac.ma,Gr_ING_1
Badri,Meryem,meryem.badri370@etu.uae.ac.ma,Gr_ING_1
Zahraoui,Rachid,rachid.zahraoui371@etu.uae.ac.ma,Gr_ING_1
Cherkaoui,Samira,samira.cherkaoui372@etu.uae.ac.ma,Gr_ING_1
Mansouri,Khalid,khalid.mansouri373@etu.uae.ac.ma,Gr_ING_1
Tounsi,Imane,imane.tounsi374@etu.uae.ac.ma,Gr_ING_1
Hajji,Abdelkader,abdelkader.hajji375@etu.uae.ac.ma,Gr_ING_1
Lahlou,Houda,houda.lahlou376@etu.uae.ac.ma,Gr_ING_2
Bouzidi,Mustapha,mustapha.bouzidi377@etu.uae.ac.ma,Gr_ING_2
Haddaoui,Asma,asma.haddaoui378@etu.uae.ac.ma,Gr_ING_2
Naji,Driss,driss.naji379@etu.uae.ac.ma,Gr_ING_2
Moussaoui,Sanae,sanae.moussaoui380@etu.uae.ac.ma,Gr_ING_2
Berrada,Hamza,hamza.berrada381@etu.uae.ac.ma,Gr_ING_2
Filali,Zineb,zineb.filali382@etu.uae.ac.ma,Gr_ING_2
Kadiri,Amine,amine.kadiri383@etu.uae.ac.ma,Gr_ING_2
Ouazzani,Khadija,khadija.ouazzani384@etu.uae.ac.ma,Gr_ING_2
Senhaji,Othmane,othmane.senhaji385@etu.uae.ac.ma,Gr_ING_2
Benkirane,Leila,leila.benkirane386@etu.uae.ac.ma,Gr_ING_2
Tahiri,Brahim,brahim.tahiri387@etu.uae.ac.ma,Gr_ING_2
Kabbaj,Salma,salma.kabbaj388@etu.uae.ac.ma,Gr_ING_2
Bennai,Yassir,yassir.bennai389@etu.uae.ac.ma,Gr_ING_2
Alami,Mohammed,mohammed.alami390@etu.uae.ac.ma,Gr_ING_2
Bennani,Fatima,fatima.bennani391@etu.uae.ac.ma,Gr_ING_2
Tazi,Ahmed,ahmed.tazi392@etu.uae.ac.ma,Gr_ING_2
Idrissi,Sara,sara.idrissi393@etu.uae.ac.ma,Gr_ING_2
Kettani,Karim,karim.kettani394@etu.uae.ac.ma,Gr_ING_2
Amrani,Youssef,youssef.amrani395@etu.uae.ac.ma,Gr_ING_2
Chraibi,Laila,laila.chraibi396@etu.uae.ac.ma,Gr_ING_2
Fassi,Omar,omar.fassi397@etu.uae.ac.ma,Gr_ING_2
Benjelloun,Nadia,nadia.benjelloun398@etu.uae.ac.ma,Gr_ING_2
Sefrioui,Hassan,hassan.sefrioui399@etu.uae.ac.ma,Gr_ING_2
Badri,Meryem,meryem.badri400@etu.uae.ac.ma,Gr_ING_2
Zahraoui,Rachid,rachid.zahraoui401@etu.uae.ac.ma,GP_STA
Cherkaoui,Samira,samira.cherkaoui402@etu.uae.ac.ma,GP_STA
Mansouri,Khalid,khalid.mansouri403@etu.uae.ac.ma,GP_STA
Tounsi,Imane,imane.tounsi404@etu.uae.ac.ma,GP_STA
Hajji,Abdelkader,abdelkader.hajji405@etu.uae.ac.ma,GP_STA
Lahlou,Houda,houda.lahlou406@etu.uae.ac.ma,GP_STA
Bouzidi,Mustapha,mustapha.bouzidi407@etu.uae.ac.ma,GP_STA
Haddaoui,Asma,asma.haddaoui408@etu.uae.ac.ma,GP_STA
Naji,Driss,driss.naji409@etu.uae.ac.ma,GP_STA
Moussaoui,Sanae,sanae.moussaoui410@etu.uae.ac.ma,GP_STA
Berrada,Hamza,hamza.berrada411@etu.uae.ac.ma,GP_STA
Filali,Zineb,zineb.filali412@etu.uae.ac.ma,GP_STA
Kadiri,Amine,amine.kadiri413@etu.uae.ac.ma,GP_STA
Ouazzani,Khadija,khadija.ouazzani414@etu.uae.ac.ma,GP_STA
Senhaji,Othmane,othmane.senhaji415@etu.uae.ac.ma,GP_STA
Benkirane,Leila,leila.benkirane416@etu.uae.ac.ma,GP_STA
Tahiri,Brahim,brahim.tahiri417@etu.uae.ac.ma,GP_STA
Kabbaj,Salma,salma.kabbaj418@etu.uae.ac.ma,GP_STA
Bennai,Yassir,yassir.bennai419@etu.uae.ac.ma,GP_STA
Alami,Mohammed,mohammed.alami420@etu.uae.ac.ma,GP_STA
Bennani,Fatima,fatima.bennani421@etu.uae.ac.ma,GP_STA
Tazi,Ahmed,ahmed.tazi422@etu.uae.ac.ma,GP_STA
Idrissi,Sara,sara.idrissi423@etu.uae.ac.ma,GP_STA
Kettani,Karim,karim.kettani424@etu.uae.ac.ma,GP_STA
Amrani,Youssef,youssef.amrani425@etu.uae.ac.ma,GP_STA
Chraibi,Laila,laila.chraibi426@etu.uae.ac.ma,GP_STA
Fassi,Omar,omar.fassi427@etu.uae.ac.ma,GP_STA
Benjelloun,Nadia,nadia.benjelloun428@etu.uae.ac.ma,GP_STA
Sefrioui,Hassan,hassan.sefrioui429@etu.uae.ac.ma,GP_STA
Badri,Meryem,meryem.badri430@etu.uae.ac.ma,GP_STA
Zahraoui,Rachid,rachid.zahraoui431@etu.uae.ac.ma,GP_STA
Cherkaoui,Samira,samira.cherkaoui432@etu.uae.ac.ma,GP_STA
Mansouri,Khalid,khalid.mansouri433@etu.uae.ac.ma,GP_STA
Tounsi,Imane,imane.tounsi434@etu.uae.ac.ma,GP_STA
Hajji,Abdelkader,abdelkader.hajji435@etu.uae.ac.ma,GP_STA
Lahlou,Houda,houda.lahlou436@etu.uae.ac.ma,GP_STA
Bouzidi,Mustapha,mustapha.bouzidi437@etu.uae.ac.ma,GP_STA
Haddaoui,Asma,asma.haddaoui438@etu.uae.ac.ma,GP_STA
Naji,Driss,driss.naji439@etu.uae.ac.ma,GP_STA
Moussaoui,Sanae,sanae.moussaoui440@etu.uae.ac.ma,GP_STA
Berrada,Hamza,hamza.berrada441@etu.uae.ac.ma,GP_STA
Filali,Zineb,zineb.filali442@etu.uae.ac.ma,GP_STA
Kadiri,Amine,amine.kadiri443@etu.uae.ac.ma,GP_STA
Ouazzani,Khadija,khadija.ouazzani444@etu.uae.ac.ma,GP_STA
Senhaji,Othmane,othmane.senhaji445@etu.uae.ac.ma,GP_STA
Benkirane,Leila,leila.benkirane446@etu.uae.ac.ma,GP_STA
Tahiri,Brahim,brahim.tahiri447@etu.uae.ac.ma,GP_STA
Kabbaj,Salma,salma.kabbaj448@etu.uae.ac.ma,GP_STA
Bennai,Yassir,yassir.bennai449@etu.uae.ac.ma,GP_STA
Alami,Mohammed,mohammed.alami450@etu.uae.ac.ma,GP_STA
Bennani,Fatima,fatima.bennani451@etu.uae.ac.ma,Gr_STA_1
Tazi,Ahmed,ahmed.tazi452@etu.uae.ac.ma,Gr_STA_1
Idrissi,Sara,sara.idrissi453@etu.uae.ac.ma,Gr_STA_1
Kettani,Karim,karim.kettani454@etu.uae.ac.ma,Gr_STA_1
Amrani,Youssef,youssef.amrani455@etu.uae.ac.ma,Gr_STA_1
Chraibi,Laila,laila.chraibi456@etu.uae.ac.ma,Gr_STA_1
Fassi,Omar,omar.fassi457@etu.uae.ac.ma,Gr_STA_1
Benjelloun,Nadia,nadia.benjelloun458@etu.uae.ac.ma,Gr_STA_1
Sefrioui,Hassan,hassan.sefrioui459@etu.uae.ac.ma,Gr_STA_1
Badri,Meryem,meryem.badri460@etu.uae.ac.ma,Gr_STA_1
Zahraoui,Rachid,rachid.zahraoui461@etu.uae.ac.ma,Gr_STA_1
Cherkaoui,Samira,samira.cherkaoui462@etu.uae.ac.ma,Gr_STA_1
Mansouri,Khalid,khalid.mansouri463@etu.uae.ac.ma,Gr_STA_1
Tounsi,Imane,imane.tounsi464@etu.uae.ac.ma,Gr_STA_1
Hajji,Abdelkader,abdelkader.hajji465@etu.uae.ac.ma,Gr_STA_1
Lahlou,Houda,houda.lahlou466@etu.uae.ac.ma,Gr_STA_1
Bouzidi,Mustapha,mustapha.bouzidi467@etu.uae.ac.ma,Gr_STA_1
Haddaoui,Asma,asma.haddaoui468@etu.uae.ac.ma,Gr_STA_1
Naji,Driss,driss.naji469@etu.uae.ac.ma,Gr_STA_1
Moussaoui,Sanae,sanae.moussaoui470@etu.uae.ac.ma,Gr_STA_1
Berrada,Hamza,hamza.berrada471@etu.uae.ac.ma,Gr_STA_1
Filali,Zineb,zineb.filali472@etu.uae.ac.ma,Gr_STA_1
Kadiri,Amine,amine.kadiri473@etu.uae.ac.ma,Gr_STA_1
Ouazzani,Khadija,khadija.ouazzani474@etu.uae.ac.ma,Gr_STA_1
Senhaji,Othmane,othmane.senhaji475@etu.uae.ac.ma,Gr_STA_1
Benkirane,Leila,leila.benkirane476@etu.uae.ac.ma,Gr_STA_2
Tahiri,Brahim,brahim.tahiri477@etu.uae.ac.ma,Gr_STA_2
Kabbaj,Salma,salma.kabbaj478@etu.uae.ac.ma,Gr_STA_2
Bennai,Yassir,yassir.bennai479@etu.uae.ac.ma,Gr_STA_2
Alami,Mohammed,mohammed.alami480@etu.uae.ac.ma,Gr_STA_2
Bennani,Fatima,fatima.bennani481@etu.uae.ac.ma,Gr_STA_2
Tazi,Ahmed,ahmed.tazi482@etu.uae.ac.ma,Gr_STA_2
Idrissi,Sara,sara.idrissi483@etu.uae.ac.ma,Gr_STA_2
Kettani,Karim,karim.kettani484@etu.uae.ac.ma,Gr_STA_2
Amrani,Youssef,youssef.amrani485@etu.uae.ac.ma,Gr_STA_2
Chraibi,Laila,laila.chraibi486@etu.uae.ac.ma,Gr_STA_2
Fassi,Omar,omar.fassi487@etu.uae.ac.ma,Gr_STA_2
Benjelloun,Nadia,nadia.benjelloun488@etu.uae.ac.ma,Gr_STA_2
Sefrioui,Hassan,hassan.sefrioui489@etu.uae.ac.ma,Gr_STA_2
Badri,Meryem,meryem.badri490@etu.uae.ac.ma,Gr_STA_2
Zahraoui,Rachid,rachid.zahraoui491@etu.uae.ac.ma,Gr_STA_2
Cherkaoui,Samira,samira.cherkaoui492@etu.uae.ac.ma,Gr_STA_2
Mansouri,Khalid,khalid.mansouri493@etu.uae.ac.ma,Gr_STA_2
Tounsi,Imane,imane.tounsi494@etu.uae.ac.ma,Gr_STA_2
Hajji,Abdelkader,abdelkader.hajji495@etu.uae.ac.ma,Gr_STA_2
Lahlou,Houda,houda.lahlou496@etu.uae.ac.ma,Gr_STA_2
Bouzidi,Mustapha,mustapha.bouzidi497@etu.uae.ac.ma,Gr_STA_2
Haddaoui,Asma,asma.haddaoui498@etu.uae.ac.ma,Gr_STA_2
Naji,Driss,driss.naji499@etu.uae.ac.ma,Gr_STA_2
Moussaoui,Sanae,sanae.moussaoui500@etu.uae.ac.ma,Gr_STA_2
Berrada,Hamza,hamza.berrada501@etu.uae.ac.ma,GP_MAT
Filali,Zineb,zineb.filali502@etu.uae.ac.ma,GP_MAT
Kadiri,Amine,amine.kadiri503@etu.uae.ac.ma,GP_MAT
Ouazzani,Khadija,khadija.ouazzani504@etu.uae.ac.ma,GP_MAT
Senhaji,Othmane,othmane.senhaji505@etu.uae.ac.ma,GP_MAT
Benkirane,Leila,leila.benkirane506@etu.uae.ac.ma,GP_MAT
Tahiri,Brahim,brahim.tahiri507@etu.uae.ac.ma,GP_MAT
Kabbaj,Salma,salma.kabbaj508@etu.uae.ac.ma,GP_MAT
Bennai,Yassir,yassir.bennai509@etu.uae.ac.ma,GP_MAT
Alami,Mohammed,mohammed.alami510@etu.uae.ac.ma,GP_MAT
Bennani,Fatima,fatima.bennani511@etu.uae.ac.ma,GP_MAT
Tazi,Ahmed,ahmed.tazi512@etu.uae.ac.ma,GP_MAT
Idrissi,Sara,sara.idrissi513@etu.uae.ac.ma,GP_MAT
Kettani,Karim,karim.kettani514@etu.uae.ac.ma,GP_MAT
Amrani,Youssef,youssef.amrani515@etu.uae.ac.ma,GP_MAT
Chraibi,Laila,laila.chraibi516@etu.uae.ac.ma,GP_MAT
Fassi,Omar,omar.fassi517@etu.uae.ac.ma,GP_MAT
Benjelloun,Nadia,nadia.benjelloun518@etu.uae.ac.ma,GP_MAT
Sefrioui,Hassan,hassan.sefrioui519@etu.uae.ac.ma,GP_MAT
Badri,Meryem,meryem.badri520@etu.uae.ac.ma,GP_MAT
Zahraoui,Rachid,rachid.zahraoui521@etu.uae.ac.ma,GP_MAT
Cherkaoui,Samira,samira.cherkaoui522@etu.uae.ac.ma,GP_MAT
Mansouri,Khalid,khalid.mansouri523@etu.uae.ac.ma,GP_MAT
Tounsi,Imane,imane.tounsi524@etu.uae.ac.ma,GP_MAT
Hajji,Abdelkader,abdelkader.hajji525@etu.uae.ac.ma,GP_MAT
Lahlou,Houda,houda.lahlou526@etu.uae.ac.ma,GP_MAT
Bouzidi,Mustapha,mustapha.bouzidi527@etu.uae.ac.ma,GP_MAT
Haddaoui,Asma,asma.haddaoui528@etu.uae.ac.ma,GP_MAT
Naji,Driss,driss.naji529@etu.uae.ac.ma,GP_MAT
Moussaoui,Sanae,sanae.moussaoui530@etu.uae.ac.ma,GP_MAT
Berrada,Hamza,hamza.berrada531@etu.uae.ac.ma,GP_MAT
Filali,Zineb,zineb.filali532@etu.uae.ac.ma,GP_MAT
Kadiri,Amine,amine.kadiri533@etu.uae.ac.ma,GP_MAT
Ouazzani,Khadija,khadija.ouazzani534@etu.uae.ac.ma,GP_MAT
Senhaji,Othmane,othmane.senhaji535@etu.uae.ac.ma,GP_MAT
Benkirane,Leila,leila.benkirane536@etu.uae.ac.ma,GP_MAT
Tahiri,Brahim,brahim.tahiri537@etu.uae.ac.ma,GP_MAT
Kabbaj,Salma,salma.kabbaj538@etu.uae.ac.ma,GP_MAT
Bennai,Yassir,yassir.bennai539@etu.uae.ac.ma,GP_MAT
Alami,Mohammed,mohammed.alami540@etu.uae.ac.ma,GP_MAT
Bennani,Fatima,fatima.bennani541@etu.uae.ac.ma,GP_MAT
Tazi,Ahmed,ahmed.tazi542@etu.uae.ac.ma,GP_MAT
Idrissi,Sara,sara.idrissi543@etu.uae.ac.ma,GP_MAT
Kettani,Karim,karim.kettani544@etu.uae.ac.ma,GP_MAT
Amrani,Youssef,youssef.amrani545@etu.uae.ac.ma,GP_MAT
Chraibi,Laila,laila.chraibi546@etu.uae.ac.ma,GP_MAT
Fassi,Omar,omar.fassi547@etu.uae.ac.ma,GP_MAT
Benjelloun,Nadia,nadia.benjelloun548@etu.uae.ac.ma,GP_MAT
Sefrioui,Hassan,hassan.sefrioui549@etu.uae.ac.ma,GP_MAT
Badri,Meryem,meryem.badri550@etu.uae.ac.ma,GP_MAT
Zahraoui,Rachid,rachid.zahraoui551@etu.uae.ac.ma,Gr_MAT_1
Cherkaoui,Samira,samira.cherkaoui552@etu.uae.ac.ma,Gr_MAT_1
Mansouri,Khalid,khalid.mansouri553@etu.uae.ac.ma,Gr_MAT_1
Tounsi,Imane,imane.tounsi554@etu.uae.ac.ma,Gr_MAT_1
Hajji,Abdelkader,abdelkader.hajji555@etu.uae.ac.ma,Gr_MAT_1
Lahlou,Houda,houda.lahlou556@etu.uae.ac.ma,Gr_MAT_1
Bouzidi,Mustapha,mustapha.bouzidi557@etu.uae.ac.ma,Gr_MAT_1
Haddaoui,Asma,asma.haddaoui558@etu.uae.ac.ma,Gr_MAT_1
Naji,Driss,driss.naji559@etu.uae.ac.ma,Gr_MAT_1
Moussaoui,Sanae,sanae.moussaoui560@etu.uae.ac.ma,Gr_MAT_1
Berrada,Hamza,hamza.berrada561@etu.uae.ac.ma,Gr_MAT_1
Filali,Zineb,zineb.filali562@etu.uae.ac.ma,Gr_MAT_1
Kadiri,Amine,amine.kadiri563@etu.uae.ac.ma,Gr_MAT_1
Ouazzani,Khadija,khadija.ouazzani564@etu.uae.ac.ma,Gr_MAT_1
Senhaji,Othmane,othmane.senhaji565@etu.uae.ac.ma,Gr_MAT_1
Benkirane,Leila,leila.benkirane566@etu.uae.ac.ma,Gr_MAT_1
Tahiri,Brahim,brahim.tahiri567@etu.uae.ac.ma,Gr_MAT_1
Kabbaj,Salma,salma.kabbaj568@etu.uae.ac.ma,Gr_MAT_1
Bennai,Yassir,yassir.bennai569@etu.uae.ac.ma,Gr_MAT_1
Alami,Mohammed,mohammed.alami570@etu.uae.ac.ma,Gr_MAT_1
Bennani,Fatima,fatima.bennani571@etu.uae.ac.ma,Gr_MAT_1
Tazi,Ahmed,ahmed.tazi572@etu.uae.ac.ma,Gr_MAT_1
Idrissi,Sara,sara.idrissi573@etu.uae.ac.ma,Gr_MAT_1
Kettani,Karim,karim.kettani574@etu.uae.ac.ma,Gr_MAT_1
Amrani,Youssef,youssef.amrani575@etu.uae.ac.ma,Gr_MAT_1
Chraibi,Laila,laila.chraibi576@etu.uae.ac.ma,Gr_MAT_2
Fassi,Omar,omar.fassi577@etu.uae.ac.ma,Gr_MAT_2
Benjelloun,Nadia,nadia.benjelloun578@etu.uae.ac.ma,Gr_MAT_2
Sefrioui,Hassan,hassan.sefrioui579@etu.uae.ac.ma,Gr_MAT_2
Badri,Meryem,meryem.badri580@etu.uae.ac.ma,Gr_MAT_2
Zahraoui,Rachid,rachid.zahraoui581@etu.uae.ac.ma,Gr_MAT_2
Cherkaoui,Samira,samira.cherkaoui582@etu.uae.ac.ma,Gr_MAT_2
Mansouri,Khalid,khalid.mansouri583@etu.uae.ac.ma,Gr_MAT_2
Tounsi,Imane,imane.tounsi584@etu.uae.ac.ma,Gr_MAT_2
Hajji,Abdelkader,abdelkader.hajji585@etu.uae.ac.ma,Gr_MAT_2
Lahlou,Houda,houda.lahlou586@etu.uae.ac.ma,Gr_MAT_2
Bouzidi,Mustapha,mustapha.bouzidi587@etu.uae.ac.ma,Gr_MAT_2
Haddaoui,Asma,asma.haddaoui588@etu.uae.ac.ma,Gr_MAT_2
Naji,Driss,driss.naji589@etu.uae.ac.ma,Gr_MAT_2
Moussaoui,Sanae,sanae.moussaoui590@etu.uae.ac.ma,Gr_MAT_2
Berrada,Hamza,hamza.berrada591@etu.uae.ac.ma,Gr_MAT_2
Filali,Zineb,zineb.filali592@etu.uae.ac.ma,Gr_MAT_2
Kadiri,Amine,amine.kadiri593@etu.uae.ac.ma,Gr_MAT_2
Ouazzani,Khadija,khadija.ouazzani594@etu.uae.ac.ma,Gr_MAT_2
Senhaji,Othmane,othmane.senhaji595@etu.uae.ac.ma,Gr_MAT_2
Benkirane,Leila,leila.benkirane596@etu.uae.ac.ma,Gr_MAT_2
Tahiri,Brahim,brahim.tahiri597@etu.uae.ac.ma,Gr_MAT_2
Kabbaj,Salma,salma.kabbaj598@etu.uae.ac.ma,Gr_MAT_2
Bennai,Yassir,yassir.bennai599@etu.uae.ac.ma,Gr_MAT_2
Alami,Mohammed,mohammed.alami600@etu.uae.ac.ma,Gr_MAT_2
Bennani,Fatima,fatima.bennani601@etu.uae.ac.ma,GP_BIO
Tazi,Ahmed,ahmed.tazi602@etu.uae.ac.ma,GP_BIO
Idrissi,Sara,sara.idrissi603@etu.uae.ac.ma,GP_BIO
Kettani,Karim,karim.kettani604@etu.uae.ac.ma,GP_BIO
Amrani,Youssef,youssef.amrani605@etu.uae.ac.ma,GP_BIO
Chraibi,Laila,laila.chraibi606@etu.uae.ac.ma,GP_BIO
Fassi,Omar,omar.fassi607@etu.uae.ac.ma,GP_BIO
Benjelloun,Nadia,nadia.benjelloun608@etu.uae.ac.ma,GP_BIO
Sefrioui,Hassan,hassan.sefrioui609@etu.uae.ac.ma,GP_BIO
Badri,Meryem,meryem.badri610@etu.uae.ac.ma,GP_BIO
Zahraoui,Rachid,rachid.zahraoui611@etu.uae.ac.ma,GP_BIO
Cherkaoui,Samira,samira.cherkaoui612@etu.uae.ac.ma,GP_BIO
Mansouri,Khalid,khalid.mansouri613@etu.uae.ac.ma,GP_BIO
Tounsi,Imane,imane.tounsi614@etu.uae.ac.ma,GP_BIO
Hajji,Abdelkader,abdelkader.hajji615@etu.uae.ac.ma,GP_BIO
Lahlou,Houda,houda.lahlou616@etu.uae.ac.ma,GP_BIO
Bouzidi,Mustapha,mustapha.bouzidi617@etu.uae.ac.ma,GP_BIO
Haddaoui,Asma,asma.haddaoui618@etu.uae.ac.ma,GP_BIO
Naji,Driss,driss.naji619@etu.uae.ac.ma,GP_BIO
Moussaoui,Sanae,sanae.moussaoui620@etu.uae.ac.ma,GP_BIO
Berrada,Hamza,hamza.berrada621@etu.uae.ac.ma,GP_BIO
Filali,Zineb,zineb.filali622@etu.uae.ac.ma,GP_BIO
Kadiri,Amine,amine.kadiri623@etu.uae.ac.ma,GP_BIO
Ouazzani,Khadija,khadija.ouazzani624@etu.uae.ac.ma,GP_BIO
Senhaji,Othmane,othmane.senhaji625@etu.uae.ac.ma,GP_BIO
Benkirane,Leila,leila.benkirane626@etu.uae.ac.ma,GP_BIO
Tahiri,Brahim,brahim.tahiri627@etu.uae.ac.ma,GP_BIO
Kabbaj,Salma,salma.kabbaj628@etu.uae.ac.ma,GP_BIO
Bennai,Yassir,yassir.bennai629@etu.uae.ac.ma,GP_BIO
Alami,Mohammed,mohammed.alami630@etu.uae.ac.ma,GP_BIO
Bennani,Fatima,fatima.bennani631@etu.uae.ac.ma,GP_BIO
Tazi,Ahmed,ahmed.tazi632@etu.uae.ac.ma,GP_BIO
Idrissi,Sara,sara.idrissi633@etu.uae.ac.ma,GP_BIO
Kettani,Karim,karim.kettani634@etu.uae.ac.ma,GP_BIO
Amrani,Youssef,youssef.amrani635@etu.uae.ac.ma,GP_BIO
Chraibi,Laila,laila.chraibi636@etu.uae.ac.ma,GP_BIO
Fassi,Omar,omar.fassi637@etu.uae.ac.ma,GP_BIO
Benjelloun,Nadia,nadia.benjelloun638@etu.uae.ac.ma,GP_BIO
Sefrioui,Hassan,hassan.sefrioui639@etu.uae.ac.ma,GP_BIO
Badri,Meryem,meryem.badri640@etu.uae.ac.ma,GP_BIO
Zahraoui,Rachid,rachid.zahraoui641@etu.uae.ac.ma,GP_BIO
Cherkaoui,Samira,samira.cherkaoui642@etu.uae.ac.ma,GP_BIO
Mansouri,Khalid,khalid.mansouri643@etu.uae.ac.ma,GP_BIO
Tounsi,Imane,imane.tounsi644@etu.uae.ac.ma,GP_BIO
Hajji,Abdelkader,abdelkader.hajji645@etu.uae.ac.ma,GP_BIO
Lahlou,Houda,houda.lahlou646@etu.uae.ac.ma,GP_BIO
Bouzidi,Mustapha,mustapha.bouzidi647@etu.uae.ac.ma,GP_BIO
Haddaoui,Asma,asma.haddaoui648@etu.uae.ac.ma,GP_BIO
Naji,Driss,driss.naji649@etu.uae.ac.ma,GP_BIO
Moussaoui,Sanae,sanae.moussaoui650@etu.uae.ac.ma,GP_BIO
Berrada,Hamza,hamza.berrada651@etu.uae.ac.ma,Gr_BIO_1
Filali,Zineb,zineb.filali652@etu.uae.ac.ma,Gr_BIO_1
Kadiri,Amine,amine.kadiri653@etu.uae.ac.ma,Gr_BIO_1
Ouazzani,Khadija,khadija.ouazzani654@etu.uae.ac.ma,Gr_BIO_1
Senhaji,Othmane,othmane.senhaji655@etu.uae.ac.ma,Gr_BIO_1
Benkirane,Leila,leila.benkirane656@etu.uae.ac.ma,Gr_BIO_1
Tahiri,Brahim,brahim.tahiri657@etu.uae.ac.ma,Gr_BIO_1
Kabbaj,Salma,salma.kabbaj658@etu.uae.ac.ma,Gr_BIO_1
Bennai,Yassir,yassir.bennai659@etu.uae.ac.ma,Gr_BIO_1
Alami,Mohammed,mohammed.alami660@etu.uae.ac.ma,Gr_BIO_1
Bennani,Fatima,fatima.bennani661@etu.uae.ac.ma,Gr_BIO_1
Tazi,Ahmed,ahmed.tazi662@etu.uae.ac.ma,Gr_BIO_1
Idrissi,Sara,sara.idrissi663@etu.uae.ac.ma,Gr_BIO_1
Kettani,Karim,karim.kettani664@etu.uae.ac.ma,Gr_BIO_1
Amrani,Youssef,youssef.amrani665@etu.uae.ac.ma,Gr_BIO_1
Chraibi,Laila,laila.chraibi666@etu.uae.ac.ma,Gr_BIO_1
Fassi,Omar,omar.fassi667@etu.uae.ac.ma,Gr_BIO_1
Benjelloun,Nadia,nadia.benjelloun668@etu.uae.ac.ma,Gr_BIO_1
Sefrioui,Hassan,hassan.sefrioui669@etu.uae.ac.ma,Gr_BIO_1
Badri,Meryem,meryem.badri670@etu.uae.ac.ma,Gr_BIO_1
Zahraoui,Rachid,rachid.zahraoui671@etu.uae.ac.ma,Gr_BIO_1
Cherkaoui,Samira,samira.cherkaoui672@etu.uae.ac.ma,Gr_BIO_1
Mansouri,Khalid,khalid.mansouri673@etu.uae.ac.ma,Gr_BIO_1
Tounsi,Imane,imane.tounsi674@etu.uae.ac.ma,Gr_BIO_1
Hajji,Abdelkader,abdelkader.hajji675@etu.uae.ac.ma,Gr_BIO_1
Lahlou,Houda,houda.lahlou676@etu.uae.ac.ma,Gr_BIO_2
Bouzidi,Mustapha,mustapha.bouzidi677@etu.uae.ac.ma,Gr_BIO_2
Haddaoui,Asma,asma.haddaoui678@etu.uae.ac.ma,Gr_BIO_2
Naji,Driss,driss.naji679@etu.uae.ac.ma,Gr_BIO_2
Moussaoui,Sanae,sanae.moussaoui680@etu.uae.ac.ma,Gr_BIO_2
Berrada,Hamza,hamza.berrada681@etu.uae.ac.ma,Gr_BIO_2
Filali,Zineb,zineb.filali682@etu.uae.ac.ma,Gr_BIO_2
Kadiri,Amine,amine.kadiri683@etu.uae.ac.ma,Gr_BIO_2
Ouazzani,Khadija,khadija.ouazzani684@etu.uae.ac.ma,Gr_BIO_2
Senhaji,Othmane,othmane.senhaji685@etu.uae.ac.ma,Gr_BIO_2
Benkirane,Leila,leila.benkirane686@etu.uae.ac.ma,Gr_BIO_2
Tahiri,Brahim,brahim.tahiri687@etu.uae.ac.ma,Gr_BIO_2
Kabbaj,Salma,salma.kabbaj688@etu.uae.ac.ma,Gr_BIO_2
Bennai,Yassir,yassir.bennai689@etu.uae.ac.ma,Gr_BIO_2
Alami,Mohammed,mohammed.alami690@etu.uae.ac.ma,Gr_BIO_2
Bennani,Fatima,fatima.bennani691@etu.uae.ac.ma,Gr_BIO_2
Tazi,Ahmed,ahmed.tazi692@etu.uae.ac.ma,Gr_BIO_2
Idrissi,Sara,sara.idrissi693@etu.uae.ac.ma,Gr_BIO_2
Kettani,Karim,karim.kettani694@etu.uae.ac.ma,Gr_BIO_2
Amrani,Youssef,youssef.amrani695@etu.uae.ac.ma,Gr_BIO_2
Chraibi,Laila,laila.chraibi696@etu.uae.ac.ma,Gr_BIO_2
Fassi,Omar,omar.fassi697@etu.uae.ac.ma,Gr_BIO_2
Benjelloun,Nadia,nadia.benjelloun698@etu.uae.ac.ma,Gr_BIO_2
Sefrioui,Hassan,hassan.sefrioui699@etu.uae.ac.ma,Gr_BIO_2
Badri,Meryem,meryem.badri700@etu.uae.ac.ma,Gr_BIO_2
Zahraoui,Rachid,rachid.zahraoui701@etu.uae.ac.ma,GP_GÉN
Cherkaoui,Samira,samira.cherkaoui702@etu.uae.ac.ma,GP_GÉN
Mansouri,Khalid,khalid.mansouri703@etu.uae.ac.ma,GP_GÉN
Tounsi,Imane,imane.tounsi704@etu.uae.ac.ma,GP_GÉN
Hajji,Abdelkader,abdelkader.hajji705@etu.uae.ac.ma,GP_GÉN
Lahlou,Houda,houda.lahlou706@etu.uae.ac.ma,GP_GÉN
Bouzidi,Mustapha,mustapha.bouzidi707@etu.uae.ac.ma,GP_GÉN
Haddaoui,Asma,asma.haddaoui708@etu.uae.ac.ma,GP_GÉN
Naji,Driss,driss.naji709@etu.uae.ac.ma,GP_GÉN
Moussaoui,Sanae,sanae.moussaoui710@etu.uae.ac.ma,GP_GÉN
Berrada,Hamza,hamza.berrada711@etu.uae.ac.ma,GP_GÉN
Filali,Zineb,zineb.filali712@etu.uae.ac.ma,GP_GÉN
Kadiri,Amine,amine.kadiri713@etu.uae.ac.ma,GP_GÉN
Ouazzani,Khadija,khadija.ouazzani714@etu.uae.ac.ma,GP_GÉN
Senhaji,Othmane,othmane.senhaji715@etu.uae.ac.ma,GP_GÉN
Benkirane,Leila,leila.benkirane716@etu.uae.ac.ma,GP_GÉN
Tahiri,Brahim,brahim.tahiri717@etu.uae.ac.ma,GP_GÉN
Kabbaj,Salma,salma.kabbaj718@etu.uae.ac.ma,GP_GÉN
Bennai,Yassir,yassir.bennai719@etu.uae.ac.ma,GP_GÉN
Alami,Mohammed,mohammed.alami720@etu.uae.ac.ma,GP_GÉN
Bennani,Fatima,fatima.bennani721@etu.uae.ac.ma,GP_GÉN
Tazi,Ahmed,ahmed.tazi722@etu.uae.ac.ma,GP_GÉN
Idrissi,Sara,sara.idrissi723@etu.uae.ac.ma,GP_GÉN
Kettani,Karim,karim.kettani724@etu.uae.ac.ma,GP_GÉN
Amrani,Youssef,youssef.amrani725@etu.uae.ac.ma,GP_GÉN
Chraibi,Laila,laila.chraibi726@etu.uae.ac.ma,GP_GÉN
Fassi,Omar,omar.fassi727@etu.uae.ac.ma,GP_GÉN
Benjelloun,Nadia,nadia.benjelloun728@etu.uae.ac.ma,GP_GÉN
Sefrioui,Hassan,hassan.sefrioui729@etu.uae.ac.ma,GP_GÉN
Badri,Meryem,meryem.badri730@etu.uae.ac.ma,GP_GÉN
Zahraoui,Rachid,rachid.zahraoui731@etu.uae.ac.ma,GP_GÉN
Cherkaoui,Samira,samira.cherkaoui732@etu.uae.ac.ma,GP_GÉN
Mansouri,Khalid,khalid.mansouri733@etu.uae.ac.ma,GP_GÉN
Tounsi,Imane,imane.tounsi734@etu.uae.ac.ma,GP_GÉN
Hajji,Abdelkader,abdelkader.hajji735@etu.uae.ac.ma,GP_GÉN
Lahlou,Houda,houda.lahlou736@etu.uae.ac.ma,GP_GÉN
Bouzidi,Mustapha,mustapha.bouzidi737@etu.uae.ac.ma,GP_GÉN
Haddaoui,Asma,asma.haddaoui738@etu.uae.ac.ma,GP_GÉN
Naji,Driss,driss.naji739@etu.uae.ac.ma,GP_GÉN
Moussaoui,Sanae,sanae.moussaoui740@etu.uae.ac.ma,GP_GÉN
Berrada,Hamza,hamza.berrada741@etu.uae.ac.ma,GP_GÉN
Filali,Zineb,zineb.filali742@etu.uae.ac.ma,GP_GÉN
Kadiri,Amine,amine.kadiri743@etu.uae.ac.ma,GP_GÉN
Ouazzani,Khadija,khadija.ouazzani744@etu.uae.ac.ma,GP_GÉN
Senhaji,Othmane,othmane.senhaji745@etu.uae.ac.ma,GP_GÉN
Benkirane,Leila,leila.benkirane746@etu.uae.ac.ma,GP_GÉN
Tahiri,Brahim,brahim.tahiri747@etu.uae.ac.ma,GP_GÉN
Kabbaj,Salma,salma.kabbaj748@etu.uae.ac.ma,GP_GÉN
Bennai,Yassir,yassir.bennai749@etu.uae.ac.ma,GP_GÉN
Alami,Mohammed,mohammed.alami750@etu.uae.ac.ma,GP_GÉN
Bennani,Fatima,fatima.bennani751@etu.uae.ac.ma,Gr_GÉN_1
Tazi,Ahmed,ahmed.tazi752@etu.uae.ac.ma,Gr_GÉN_1
Idrissi,Sara,sara.idrissi753@etu.uae.ac.ma,Gr_GÉN_1
Kettani,Karim,karim.kettani754@etu.uae.ac.ma,Gr_GÉN_1
Amrani,Youssef,youssef.amrani755@etu.uae.ac.ma,Gr_GÉN_1
Chraibi,Laila,laila.chraibi756@etu.uae.ac.ma,Gr_GÉN_1
Fassi,Omar,omar.fassi757@etu.uae.ac.ma,Gr_GÉN_1
Benjelloun,Nadia,nadia.benjelloun758@etu.uae.ac.ma,Gr_GÉN_1
Sefrioui,Hassan,hassan.sefrioui759@etu.uae.ac.ma,Gr_GÉN_1
Badri,Meryem,meryem.badri760@etu.uae.ac.ma,Gr_GÉN_1
Zahraoui,Rachid,rachid.zahraoui761@etu.uae.ac.ma,Gr_GÉN_1
Cherkaoui,Samira,samira.cherkaoui762@etu.uae.ac.ma,Gr_GÉN_1
Mansouri,Khalid,khalid.mansouri763@etu.uae.ac.ma,Gr_GÉN_1
Tounsi,Imane,imane.tounsi764@etu.uae.ac.ma,Gr_GÉN_1
Hajji,Abdelkader,abdelkader.hajji765@etu.uae.ac.ma,Gr_GÉN_1
Lahlou,Houda,houda.lahlou766@etu.uae.ac.ma,Gr_GÉN_1
Bouzidi,Mustapha,mustapha.bouzidi767@etu.uae.ac.ma,Gr_GÉN_1
Haddaoui,Asma,asma.haddaoui768@etu.uae.ac.ma,Gr_GÉN_1
Naji,Driss,driss.naji769@etu.uae.ac.ma,Gr_GÉN_1
Moussaoui,Sanae,sanae.moussaoui770@etu.uae.ac.ma,Gr_GÉN_1
Berrada,Hamza,hamza.berrada771@etu.uae.ac.ma,Gr_GÉN_1
Filali,Zineb,zineb.filali772@etu.uae.ac.ma,Gr_GÉN_1
Kadiri,Amine,amine.kadiri773@etu.uae.ac.ma,Gr_GÉN_1
Ouazzani,Khadija,khadija.ouazzani774@etu.uae.ac.ma,Gr_GÉN_1
Senhaji,Othmane,othmane.senhaji775@etu.uae.ac.ma,Gr_GÉN_1
Benkirane,Leila,leila.benkirane776@etu.uae.ac.ma,Gr_GÉN_2
Tahiri,Brahim,brahim.tahiri777@etu.uae.ac.ma,Gr_GÉN_2
Kabbaj,Salma,salma.kabbaj778@etu.uae.ac.ma,Gr_GÉN_2
Bennai,Yassir,yassir.bennai779@etu.uae.ac.ma,Gr_GÉN_2
Alami,Mohammed,mohammed.alami780@etu.uae.ac.ma,Gr_GÉN_2
Bennani,Fatima,fatima.bennani781@etu.uae.ac.ma,Gr_GÉN_2
Tazi,Ahmed,ahmed.tazi782@etu.uae.ac.ma,Gr_GÉN_2
Idrissi,Sara,sara.idrissi783@etu.uae.ac.ma,Gr_GÉN_2
Kettani,Karim,karim.kettani784@etu.uae.ac.ma,Gr_GÉN_2
Amrani,Youssef,youssef.amrani785@etu.uae.ac.ma,Gr_GÉN_2
Chraibi,Laila,laila.chraibi786@etu.uae.ac.ma,Gr_GÉN_2
Fassi,Omar,omar.fassi787@etu.uae.ac.ma,Gr_GÉN_2
Benjelloun,Nadia,nadia.benjelloun788@etu.uae.ac.ma,Gr_GÉN_2
Sefrioui,Hassan,hassan.sefrioui789@etu.uae.ac.ma,Gr_GÉN_2
Badri,Meryem,meryem.badri790@etu.uae.ac.ma,Gr_GÉN_2
Zahraoui,Rachid,rachid.zahraoui791@etu.uae.ac.ma,Gr_GÉN_2
Cherkaoui,Samira,samira.cherkaoui792@etu.uae.ac.ma,Gr_GÉN_2
Mansouri,Khalid,khalid.mansouri793@etu.uae.ac.ma,Gr_GÉN_2
Tounsi,Imane,imane.tounsi794@etu.uae.ac.ma,Gr_GÉN_2
Hajji,Abdelkader,abdelkader.hajji795@etu.uae.ac.ma,Gr_GÉN_2
Lahlou,Houda,houda.lahlou796@etu.uae.ac.ma,Gr_GÉN_2
Bouzidi,Mustapha,mustapha.bouzidi797@etu.uae.ac.ma,Gr_GÉN_2
Haddaoui,Asma,asma.haddaoui798@etu.uae.ac.ma,Gr_GÉN_2
Naji,Driss,driss.naji799@etu.uae.ac.ma,Gr_GÉN_2
Moussaoui,Sanae,sanae.moussaoui800@etu.uae.ac.ma,Gr_GÉN_2
Berrada,Hamza,hamza.berrada801@etu.uae.ac.ma,GP_TEC
Filali,Zineb,zineb.filali802@etu.uae.ac.ma,GP_TEC
Kadiri,Amine,amine.kadiri803@etu.uae.ac.ma,GP_TEC
Ouazzani,Khadija,khadija.ouazzani804@etu.uae.ac.ma,GP_TEC
Senhaji,Othmane,othmane.senhaji805@etu.uae.ac.ma,GP_TEC
Benkirane,Leila,leila.benkirane806@etu.uae.ac.ma,GP_TEC
Tahiri,Brahim,brahim.tahiri807@etu.uae.ac.ma,GP_TEC
Kabbaj,Salma,salma.kabbaj808@etu.uae.ac.ma,GP_TEC
Bennai,Yassir,yassir.bennai809@etu.uae.ac.ma,GP_TEC
Alami,Mohammed,mohammed.alami810@etu.uae.ac.ma,GP_TEC
Bennani,Fatima,fatima.bennani811@etu.uae.ac.ma,GP_TEC
Tazi,Ahmed,ahmed.tazi812@etu.uae.ac.ma,GP_TEC
Idrissi,Sara,sara.idrissi813@etu.uae.ac.ma,GP_TEC
Kettani,Karim,karim.kettani814@etu.uae.ac.ma,GP_TEC
Amrani,Youssef,youssef.amrani815@etu.uae.ac.ma,GP_TEC
Chraibi,Laila,laila.chraibi816@etu.uae.ac.ma,GP_TEC
Fassi,Omar,omar.fassi817@etu.uae.ac.ma,GP_TEC
Benjelloun,Nadia,nadia.benjelloun818@etu.uae.ac.ma,GP_TEC
Sefrioui,Hassan,hassan.sefrioui819@etu.uae.ac.ma,GP_TEC
Badri,Meryem,meryem.badri820@etu.uae.ac.ma,GP_TEC
Zahraoui,Rachid,rachid.zahraoui821@etu.uae.ac.ma,GP_TEC
Cherkaoui,Samira,samira.cherkaoui822@etu.uae.ac.ma,GP_TEC
Mansouri,Khalid,khalid.mansouri823@etu.uae.ac.ma,GP_TEC
Tounsi,Imane,imane.tounsi824@etu.uae.ac.ma,GP_TEC
Hajji,Abdelkader,abdelkader.hajji825@etu.uae.ac.ma,GP_TEC
Lahlou,Houda,houda.lahlou826@etu.uae.ac.ma,GP_TEC
Bouzidi,Mustapha,mustapha.bouzidi827@etu.uae.ac.ma,GP_TEC
Haddaoui,Asma,asma.haddaoui828@etu.uae.ac.ma,GP_TEC
Naji,Driss,driss.naji829@etu.uae.ac.ma,GP_TEC
Moussaoui,Sanae,sanae.moussaoui830@etu.uae.ac.ma,GP_TEC
Berrada,Hamza,hamza.berrada831@etu.uae.ac.ma,GP_TEC
Filali,Zineb,zineb.filali832@etu.uae.ac.ma,GP_TEC
Kadiri,Amine,amine.kadiri833@etu.uae.ac.ma,GP_TEC
Ouazzani,Khadija,khadija.ouazzani834@etu.uae.ac.ma,GP_TEC
Senhaji,Othmane,othmane.senhaji835@etu.uae.ac.ma,GP_TEC
Benkirane,Leila,leila.benkirane836@etu.uae.ac.ma,GP_TEC
Tahiri,Brahim,brahim.tahiri837@etu.uae.ac.ma,GP_TEC
Kabbaj,Salma,salma.kabbaj838@etu.uae.ac.ma,GP_TEC
Bennai,Yassir,yassir.bennai839@etu.uae.ac.ma,GP_TEC
Alami,Mohammed,mohammed.alami840@etu.uae.ac.ma,GP_TEC
Bennani,Fatima,fatima.bennani841@etu.uae.ac.ma,GP_TEC
Tazi,Ahmed,ahmed.tazi842@etu.uae.ac.ma,GP_TEC
Idrissi,Sara,sara.idrissi843@etu.uae.ac.ma,GP_TEC
Kettani,Karim,karim.kettani844@etu.uae.ac.ma,GP_TEC
Amrani,Youssef,youssef.amrani845@etu.uae.ac.ma,GP_TEC
Chraibi,Laila,laila.chraibi846@etu.uae.ac.ma,GP_TEC
Fassi,Omar,omar.fassi847@etu.uae.ac.ma,GP_TEC
Benjelloun,Nadia,nadia.benjelloun848@etu.uae.ac.ma,GP_TEC
Sefrioui,Hassan,hassan.sefrioui849@etu.uae.ac.ma,GP_TEC
Badri,Meryem,meryem.badri850@etu.uae.ac.ma,GP_TEC
Zahraoui,Rachid,rachid.zahraoui851@etu.uae.ac.ma,Gr_TEC_1
Cherkaoui,Samira,samira.cherkaoui852@etu.uae.ac.ma,Gr_TEC_1
Mansouri,Khalid,khalid.mansouri853@etu.uae.ac.ma,Gr_TEC_1
Tounsi,Imane,imane.tounsi854@etu.uae.ac.ma,Gr_TEC_1
Hajji,Abdelkader,abdelkader.hajji855@etu.uae.ac.ma,Gr_TEC_1
Lahlou,Houda,houda.lahlou856@etu.uae.ac.ma,Gr_TEC_1
Bouzidi,Mustapha,mustapha.bouzidi857@etu.uae.ac.ma,Gr_TEC_1
Haddaoui,Asma,asma.haddaoui858@etu.uae.ac.ma,Gr_TEC_1
Naji,Driss,driss.naji859@etu.uae.ac.ma,Gr_TEC_1
Moussaoui,Sanae,sanae.moussaoui860@etu.uae.ac.ma,Gr_TEC_1
Berrada,Hamza,hamza.berrada861@etu.uae.ac.ma,Gr_TEC_1
Filali,Zineb,zineb.filali862@etu.uae.ac.ma,Gr_TEC_1
Kadiri,Amine,amine.kadiri863@etu.uae.ac.ma,Gr_TEC_1
Ouazzani,Khadija,khadija.ouazzani864@etu.uae.ac.ma,Gr_TEC_1
Senhaji,Othmane,othmane.senhaji865@etu.uae.ac.ma,Gr_TEC_1
Benkirane,Leila,leila.benkirane866@etu.uae.ac.ma,Gr_TEC_1
Tahiri,Brahim,brahim.tahiri867@etu.uae.ac.ma,Gr_TEC_1
Kabbaj,Salma,salma.kabbaj868@etu.uae.ac.ma,Gr_TEC_1
Bennai,Yassir,yassir.bennai869@etu.uae.ac.ma,Gr_TEC_1
Alami,Mohammed,mohammed.alami870@etu.uae.ac.ma,Gr_TEC_1
Bennani,Fatima,fatima.bennani871@etu.uae.ac.ma,Gr_TEC_1
Tazi,Ahmed,ahmed.tazi872@etu.uae.ac.ma,Gr_TEC_1
Idrissi,Sara,sara.idrissi873@etu.uae.ac.ma,Gr_TEC_1
Kettani,Karim,karim.kettani874@etu.uae.ac.ma,Gr_TEC_1
Amrani,Youssef,youssef.amrani875@etu.uae.ac.ma,Gr_TEC_1
Chraibi,Laila,laila.chraibi876@etu.uae.ac.ma,Gr_TEC_2
Fassi,Omar,omar.fassi877@etu.uae.ac.ma,Gr_TEC_2
Benjelloun,Nadia,nadia.benjelloun878@etu.uae.ac.ma,Gr_TEC_2
Sefrioui,Hassan,hassan.sefrioui879@etu.uae.ac.ma,Gr_TEC_2
Badri,Meryem,meryem.badri880@etu.uae.ac.ma,Gr_TEC_2
Zahraoui,Rachid,rachid.zahraoui881@etu.uae.ac.ma,Gr_TEC_2
Cherkaoui,Samira,samira.cherkaoui882@etu.uae.ac.ma,Gr_TEC_2
Mansouri,Khalid,khalid.mansouri883@etu.uae.ac.ma,Gr_TEC_2
Tounsi,Imane,imane.tounsi884@etu.uae.ac.ma,Gr_TEC_2
Hajji,Abdelkader,abdelkader.hajji885@etu.uae.ac.ma,Gr_TEC_2
Lahlou,Houda,houda.lahlou886@etu.uae.ac.ma,Gr_TEC_2
Bouzidi,Mustapha,mustapha.bouzidi887@etu.uae.ac.ma,Gr_TEC_2
Haddaoui,Asma,asma.haddaoui888@etu.uae.ac.ma,Gr_TEC_2
Naji,Driss,driss.naji889@etu.uae.ac.ma,Gr_TEC_2
Moussaoui,Sanae,sanae.moussaoui890@etu.uae.ac.ma,Gr_TEC_2
Berrada,Hamza,hamza.berrada891@etu.uae.ac.ma,Gr_TEC_2
Filali,Zineb,zineb.filali892@etu.uae.ac.ma,Gr_TEC_2
Kadiri,Amine,amine.kadiri893@etu.uae.ac.ma,Gr_TEC_2
Ouazzani,Khadija,khadija.ouazzani894@etu.uae.ac.ma,Gr_TEC_2
Senhaji,Othmane,othmane.senhaji895@etu.uae.ac.ma,Gr_TEC_2
Benkirane,Leila,leila.benkirane896@etu.uae.ac.ma,Gr_TEC_2
Tahiri,Brahim,brahim.tahiri897@etu.uae.ac.ma,Gr_TEC_2
Kabbaj,Salma,salma.kabbaj898@etu.uae.ac.ma,Gr_TEC_2
Bennai,Yassir,yassir.bennai899@etu.uae.ac.ma,Gr_TEC_2
Alami,Mohammed,mohammed.alami900@etu.uae.ac.ma,Gr_TEC_2
Bennani,Fatima,fatima.bennani901@etu.uae.ac.ma,GP_RIS
Tazi,Ahmed,ahmed.tazi902@etu.uae.ac.ma,GP_RIS
Idrissi,Sara,sara.idrissi903@etu.uae.ac.ma,GP_RIS
Kettani,Karim,karim.kettani904@etu.uae.ac.ma,GP_RIS
Amrani,Youssef,youssef.amrani905@etu.uae.ac.ma,GP_RIS
Chraibi,Laila,laila.chraibi906@etu.uae.ac.ma,GP_RIS
Fassi,Omar,omar.fassi907@etu.uae.ac.ma,GP_RIS
Benjelloun,Nadia,nadia.benjelloun908@etu.uae.ac.ma,GP_RIS
Sefrioui,Hassan,hassan.sefrioui909@etu.uae.ac.ma,GP_RIS
Badri,Meryem,meryem.badri910@etu.uae.ac.ma,GP_RIS
Zahraoui,Rachid,rachid.zahraoui911@etu.uae.ac.ma,GP_RIS
Cherkaoui,Samira,samira.cherkaoui912@etu.uae.ac.ma,GP_RIS
Mansouri,Khalid,khalid.mansouri913@etu.uae.ac.ma,GP_RIS
Tounsi,Imane,imane.tounsi914@etu.uae.ac.ma,GP_RIS
Hajji,Abdelkader,abdelkader.hajji915@etu.uae.ac.ma,GP_RIS
Lahlou,Houda,houda.lahlou916@etu.uae.ac.ma,GP_RIS
Bouzidi,Mustapha,mustapha.bouzidi917@etu.uae.ac.ma,GP_RIS
Haddaoui,Asma,asma.haddaoui918@etu.uae.ac.ma,GP_RIS
Naji,Driss,driss.naji919@etu.uae.ac.ma,GP_RIS
Moussaoui,Sanae,sanae.moussaoui920@etu.uae.ac.ma,GP_RIS
Berrada,Hamza,hamza.berrada921@etu.uae.ac.ma,GP_RIS
Filali,Zineb,zineb.filali922@etu.uae.ac.ma,GP_RIS
Kadiri,Amine,amine.kadiri923@etu.uae.ac.ma,GP_RIS
Ouazzani,Khadija,khadija.ouazzani924@etu.uae.ac.ma,GP_RIS
Senhaji,Othmane,othmane.senhaji925@etu.uae.ac.ma,GP_RIS
Benkirane,Leila,leila.benkirane926@etu.uae.ac.ma,GP_RIS
Tahiri,Brahim,brahim.tahiri927@etu.uae.ac.ma,GP_RIS
Kabbaj,Salma,salma.kabbaj928@etu.uae.ac.ma,GP_RIS
Bennai,Yassir,yassir.bennai929@etu.uae.ac.ma,GP_RIS
Alami,Mohammed,mohammed.alami930@etu.uae.ac.ma,GP_RIS
Bennani,Fatima,fatima.bennani931@etu.uae.ac.ma,GP_RIS
Tazi,Ahmed,ahmed.tazi932@etu.uae.ac.ma,GP_RIS
Idrissi,Sara,sara.idrissi933@etu.uae.ac.ma,GP_RIS
Kettani,Karim,karim.kettani934@etu.uae.ac.ma,GP_RIS
Amrani,Youssef,youssef.amrani935@etu.uae.ac.ma,GP_RIS
Chraibi,Laila,laila.chraibi936@etu.uae.ac.ma,GP_RIS
Fassi,Omar,omar.fassi937@etu.uae.ac.ma,GP_RIS
Benjelloun,Nadia,nadia.benjelloun938@etu.uae.ac.ma,GP_RIS
Sefrioui,Hassan,hassan.sefrioui939@etu.uae.ac.ma,GP_RIS
Badri,Meryem,meryem.badri940@etu.uae.ac.ma,GP_RIS
Zahraoui,Rachid,rachid.zahraoui941@etu.uae.ac.ma,GP_RIS
Cherkaoui,Samira,samira.cherkaoui942@etu.uae.ac.ma,GP_RIS
Mansouri,Khalid,khalid.mansouri943@etu.uae.ac.ma,GP_RIS
Tounsi,Imane,imane.tounsi944@etu.uae.ac.ma,GP_RIS
Hajji,Abdelkader,abdelkader.hajji945@etu.uae.ac.ma,GP_RIS
Lahlou,Houda,houda.lahlou946@etu.uae.ac.ma,GP_RIS
Bouzidi,Mustapha,mustapha.bouzidi947@etu.uae.ac.ma,GP_RIS
Haddaoui,Asma,asma.haddaoui948@etu.uae.ac.ma,GP_RIS
Naji,Driss,driss.naji949@etu.uae.ac.ma,GP_RIS
Moussaoui,Sanae,sanae.moussaoui950@etu.uae.ac.ma,GP_RIS
Berrada,Hamza,hamza.berrada951@etu.uae.ac.ma,Gr_RIS_1
Filali,Zineb,zineb.filali952@etu.uae.ac.ma,Gr_RIS_1
Kadiri,Amine,amine.kadiri953@etu.uae.ac.ma,Gr_RIS_1
Ouazzani,Khadija,khadija.ouazzani954@etu.uae.ac.ma,Gr_RIS_1
Senhaji,Othmane,othmane.senhaji955@etu.uae.ac.ma,Gr_RIS_1
Benkirane,Leila,leila.benkirane956@etu.uae.ac.ma,Gr_RIS_1
Tahiri,Brahim,brahim.tahiri957@etu.uae.ac.ma,Gr_RIS_1
Kabbaj,Salma,salma.kabbaj958@etu.uae.ac.ma,Gr_RIS_1
Bennai,Yassir,yassir.bennai959@etu.uae.ac.ma,Gr_RIS_1
Alami,Mohammed,mohammed.alami960@etu.uae.ac.ma,Gr_RIS_1
Bennani,Fatima,fatima.bennani961@etu.uae.ac.ma,Gr_RIS_1
Tazi,Ahmed,ahmed.tazi962@etu.uae.ac.ma,Gr_RIS_1
Idrissi,Sara,sara.idrissi963@etu.uae.ac.ma,Gr_RIS_1
Kettani,Karim,karim.kettani964@etu.uae.ac.ma,Gr_RIS_1
Amrani,Youssef,youssef.amrani965@etu.uae.ac.ma,Gr_RIS_1
Chraibi,Laila,laila.chraibi966@etu.uae.ac.ma,Gr_RIS_1
Fassi,Omar,omar.fassi967@etu.uae.ac.ma,Gr_RIS_1
Benjelloun,Nadia,nadia.benjelloun968@etu.uae.ac.ma,Gr_RIS_1
Sefrioui,Hassan,hassan.sefrioui969@etu.uae.ac.ma,Gr_RIS_1
Badri,Meryem,meryem.badri970@etu.uae.ac.ma,Gr_RIS_1
Zahraoui,Rachid,rachid.zahraoui971@etu.uae.ac.ma,Gr_RIS_1
Cherkaoui,Samira,samira.cherkaoui972@etu.uae.ac.ma,Gr_RIS_1
Mansouri,Khalid,khalid.mansouri973@etu.uae.ac.ma,Gr_RIS_1
Tounsi,Imane,imane.tounsi974@etu.uae.ac.ma,Gr_RIS_1
Hajji,Abdelkader,abdelkader.hajji975@etu.uae.ac.ma,Gr_RIS_1
Lahlou,Houda,houda.lahlou976@etu.uae.ac.ma,Gr_RIS_2
Bouzidi,Mustapha,mustapha.bouzidi977@etu.uae.ac.ma,Gr_RIS_2
Haddaoui,Asma,asma.haddaoui978@etu.uae.ac.ma,Gr_RIS_2
Naji,Driss,driss.naji979@etu.uae.ac.ma,Gr_RIS_2
Moussaoui,Sanae,sanae.moussaoui980@etu.uae.ac.ma,Gr_RIS_2
Berrada,Hamza,hamza.berrada981@etu.uae.ac.ma,Gr_RIS_2
Filali,Zineb,zineb.filali982@etu.uae.ac.ma,Gr_RIS_2
Kadiri,Amine,amine.kadiri983@etu.uae.ac.ma,Gr_RIS_2
Ouazzani,Khadija,khadija.ouazzani984@etu.uae.ac.ma,Gr_RIS_2
Senhaji,Othmane,othmane.senhaji985@etu.uae.ac.ma,Gr_RIS_2
Benkirane,Leila,leila.benkirane986@etu.uae.ac.ma,Gr_RIS_2
Tahiri,Brahim,brahim.tahiri987@etu.uae.ac.ma,Gr_RIS_2
Kabbaj,Salma,salma.kabbaj988@etu.uae.ac.ma,Gr_RIS_2
Bennai,Yassir,yassir.bennai989@etu.uae.ac.ma,Gr_RIS_2
Alami,Mohammed,mohammed.alami990@etu.uae.ac.ma,Gr_RIS_2
Bennani,Fatima,fatima.bennani991@etu.uae.ac.ma,Gr_RIS_2
Tazi,Ahmed,ahmed.tazi992@etu.uae.ac.ma,Gr_RIS_2
Idrissi,Sara,sara.idrissi993@etu.uae.ac.ma,Gr_RIS_2
Kettani,Karim,karim.kettani994@etu.uae.ac.ma,Gr_RIS_2
Amrani,Youssef,youssef.amrani995@etu.uae.ac.ma,Gr_RIS_2
Chraibi,Laila,laila.chraibi996@etu.uae.ac.ma,Gr_RIS_2
Fassi,Omar,omar.fassi997@etu.uae.ac.ma,Gr_RIS_2
Benjelloun,Nadia,nadia.benjelloun998@etu.uae.ac.ma,Gr_RIS_2
Sefrioui,Hassan,hassan.sefrioui999@etu.uae.ac.ma,Gr_RIS_2
Badri,Meryem,meryem.badri1000@etu.uae.ac.ma,Gr_RIS_2
Zahraoui,Rachid,rachid.zahraoui1001@etu.uae.ac.ma,GP_GÉN
Cherkaoui,Samira,samira.cherkaoui1002@etu.uae.ac.ma,GP_GÉN
Mansouri,Khalid,khalid.mansouri1003@etu.uae.ac.ma,GP_GÉN
Tounsi,Imane,imane.tounsi1004@etu.uae.ac.ma,GP_GÉN
Hajji,Abdelkader,abdelkader.hajji1005@etu.uae.ac.ma,GP_GÉN
Lahlou,Houda,houda.lahlou1006@etu.uae.ac.ma,GP_GÉN
Bouzidi,Mustapha,mustapha.bouzidi1007@etu.uae.ac.ma,GP_GÉN
Haddaoui,Asma,asma.haddaoui1008@etu.uae.ac.ma,GP_GÉN
Naji,Driss,driss.naji1009@etu.uae.ac.ma,GP_GÉN
Moussaoui,Sanae,sanae.moussaoui1010@etu.uae.ac.ma,GP_GÉN
Berrada,Hamza,hamza.berrada1011@etu.uae.ac.ma,GP_GÉN
Filali,Zineb,zineb.filali1012@etu.uae.ac.ma,GP_GÉN
Kadiri,Amine,amine.kadiri1013@etu.uae.ac.ma,GP_GÉN
Ouazzani,Khadija,khadija.ouazzani1014@etu.uae.ac.ma,GP_GÉN
Senhaji,Othmane,othmane.senhaji1015@etu.uae.ac.ma,GP_GÉN
Benkirane,Leila,leila.benkirane1016@etu.uae.ac.ma,GP_GÉN
Tahiri,Brahim,brahim.tahiri1017@etu.uae.ac.ma,GP_GÉN
Kabbaj,Salma,salma.kabbaj1018@etu.uae.ac.ma,GP_GÉN
Bennai,Yassir,yassir.bennai1019@etu.uae.ac.ma,GP_GÉN
Alami,Mohammed,mohammed.alami1020@etu.uae.ac.ma,GP_GÉN
Bennani,Fatima,fatima.bennani1021@etu.uae.ac.ma,GP_GÉN
Tazi,Ahmed,ahmed.tazi1022@etu.uae.ac.ma,GP_GÉN
Idrissi,Sara,sara.idrissi1023@etu.uae.ac.ma,GP_GÉN
Kettani,Karim,karim.kettani1024@etu.uae.ac.ma,GP_GÉN
Amrani,Youssef,youssef.amrani1025@etu.uae.ac.ma,GP_GÉN
Chraibi,Laila,laila.chraibi1026@etu.uae.ac.ma,GP_GÉN
Fassi,Omar,omar.fassi1027@etu.uae.ac.ma,GP_GÉN
Benjelloun,Nadia,nadia.benjelloun1028@etu.uae.ac.ma,GP_GÉN
Sefrioui,Hassan,hassan.sefrioui1029@etu.uae.ac.ma,GP_GÉN
Badri,Meryem,meryem.badri1030@etu.uae.ac.ma,GP_GÉN
Zahraoui,Rachid,rachid.zahraoui1031@etu.uae.ac.ma,GP_GÉN
Cherkaoui,Samira,samira.cherkaoui1032@etu.uae.ac.ma,GP_GÉN
Mansouri,Khalid,khalid.mansouri1033@etu.uae.ac.ma,GP_GÉN
Tounsi,Imane,imane.tounsi1034@etu.uae.ac.ma,GP_GÉN
Hajji,Abdelkader,abdelkader.hajji1035@etu.uae.ac.ma,GP_GÉN
Lahlou,Houda,houda.lahlou1036@etu.uae.ac.ma,GP_GÉN
Bouzidi,Mustapha,mustapha.bouzidi1037@etu.uae.ac.ma,GP_GÉN
Haddaoui,Asma,asma.haddaoui1038@etu.uae.ac.ma,GP_GÉN
Naji,Driss,driss.naji1039@etu.uae.ac.ma,GP_GÉN
Moussaoui,Sanae,sanae.moussaoui1040@etu.uae.ac.ma,GP_GÉN
Berrada,Hamza,hamza.berrada1041@etu.uae.ac.ma,GP_GÉN
Filali,Zineb,zineb.filali1042@etu.uae.ac.ma,GP_GÉN
Kadiri,Amine,amine.kadiri1043@etu.uae.ac.ma,GP_GÉN
Ouazzani,Khadija,khadija.ouazzani1044@etu.uae.ac.ma,GP_GÉN
Senhaji,Othmane,othmane.senhaji1045@etu.uae.ac.ma,GP_GÉN
Benkirane,Leila,leila.benkirane1046@etu.uae.ac.ma,GP_GÉN
Tahiri,Brahim,brahim.tahiri1047@etu.uae.ac.ma,GP_GÉN
Kabbaj,Salma,salma.kabbaj1048@etu.uae.ac.ma,GP_GÉN
Bennai,Yassir,yassir.bennai1049@etu.uae.ac.ma,GP_GÉN
Alami,Mohammed,mohammed.alami1050@etu.uae.ac.ma,GP_GÉN
Bennani,Fatima,fatima.bennani1051@etu.uae.ac.ma,Gr_GÉN_1
Tazi,Ahmed,ahmed.tazi1052@etu.uae.ac.ma,Gr_GÉN_1
Idrissi,Sara,sara.idrissi1053@etu.uae.ac.ma,Gr_GÉN_1
Kettani,Karim,karim.kettani1054@etu.uae.ac.ma,Gr_GÉN_1
Amrani,Youssef,youssef.amrani1055@etu.uae.ac.ma,Gr_GÉN_1
Chraibi,Laila,laila.chraibi1056@etu.uae.ac.ma,Gr_GÉN_1
Fassi,Omar,omar.fassi1057@etu.uae.ac.ma,Gr_GÉN_1
Benjelloun,Nadia,nadia.benjelloun1058@etu.uae.ac.ma,Gr_GÉN_1
Sefrioui,Hassan,hassan.sefrioui1059@etu.uae.ac.ma,Gr_GÉN_1
Badri,Meryem,meryem.badri1060@etu.uae.ac.ma,Gr_GÉN_1
Zahraoui,Rachid,rachid.zahraoui1061@etu.uae.ac.ma,Gr_GÉN_1
Cherkaoui,Samira,samira.cherkaoui1062@etu.uae.ac.ma,Gr_GÉN_1
Mansouri,Khalid,khalid.mansouri1063@etu.uae.ac.ma,Gr_GÉN_1
Tounsi,Imane,imane.tounsi1064@etu.uae.ac.ma,Gr_GÉN_1
Hajji,Abdelkader,abdelkader.hajji1065@etu.uae.ac.ma,Gr_GÉN_1
Lahlou,Houda,houda.lahlou1066@etu.uae.ac.ma,Gr_GÉN_1
Bouzidi,Mustapha,mustapha.bouzidi1067@etu.uae.ac.ma,Gr_GÉN_1
Haddaoui,Asma,asma.haddaoui1068@etu.uae.ac.ma,Gr_GÉN_1
Naji,Driss,driss.naji1069@etu.uae.ac.ma,Gr_GÉN_1
Moussaoui,Sanae,sanae.moussaoui1070@etu.uae.ac.ma,Gr_GÉN_1
Berrada,Hamza,hamza.berrada1071@etu.uae.ac.ma,Gr_GÉN_1
Filali,Zineb,zineb.filali1072@etu.uae.ac.ma,Gr_GÉN_1
Kadiri,Amine,amine.kadiri1073@etu.uae.ac.ma,Gr_GÉN_1
Ouazzani,Khadija,khadija.ouazzani1074@etu.uae.ac.ma,Gr_GÉN_1
Senhaji,Othmane,othmane.senhaji1075@etu.uae.ac.ma,Gr_GÉN_1
Benkirane,Leila,leila.benkirane1076@etu.uae.ac.ma,Gr_GÉN_2
Tahiri,Brahim,brahim.tahiri1077@etu.uae.ac.ma,Gr_GÉN_2
Kabbaj,Salma,salma.kabbaj1078@etu.uae.ac.ma,Gr_GÉN_2
Bennai,Yassir,yassir.bennai1079@etu.uae.ac.ma,Gr_GÉN_2
Alami,Mohammed,mohammed.alami1080@etu.uae.ac.ma,Gr_GÉN_2
Bennani,Fatima,fatima.bennani1081@etu.uae.ac.ma,Gr_GÉN_2
Tazi,Ahmed,ahmed.tazi1082@etu.uae.ac.ma,Gr_GÉN_2
Idrissi,Sara,sara.idrissi1083@etu.uae.ac.ma,Gr_GÉN_2
Kettani,Karim,karim.kettani1084@etu.uae.ac.ma,Gr_GÉN_2
Amrani,Youssef,youssef.amrani1085@etu.uae.ac.ma,Gr_GÉN_2
Chraibi,Laila,laila.chraibi1086@etu.uae.ac.ma,Gr_GÉN_2
Fassi,Omar,omar.fassi1087@etu.uae.ac.ma,Gr_GÉN_2
Benjelloun,Nadia,nadia.benjelloun1088@etu.uae.ac.ma,Gr_GÉN_2
Sefrioui,Hassan,hassan.sefrioui1089@etu.uae.ac.ma,Gr_GÉN_2
Badri,Meryem,meryem.badri1090@etu.uae.ac.ma,Gr_GÉN_2
Zahraoui,Rachid,rachid.zahraoui1091@etu.uae.ac.ma,Gr_GÉN_2
Cherkaoui,Samira,samira.cherkaoui1092@etu.uae.ac.ma,Gr_GÉN_2
Mansouri,Khalid,khalid.mansouri1093@etu.uae.ac.ma,Gr_GÉN_2
Tounsi,Imane,imane.tounsi1094@etu.uae.ac.ma,Gr_GÉN_2
Hajji,Abdelkader,abdelkader.hajji1095@etu.uae.ac.ma,Gr_GÉN_2
Lahlou,Houda,houda.lahlou1096@etu.uae.ac.ma,Gr_GÉN_2
Bouzidi,Mustapha,mustapha.bouzidi1097@etu.uae.ac.ma,Gr_GÉN_2
Haddaoui,Asma,asma.haddaoui1098@etu.uae.ac.ma,Gr_GÉN_2
Naji,Driss,driss.naji1099@etu.uae.ac.ma,Gr_GÉN_2
Moussaoui,Sanae,sanae.moussaoui1100@etu.uae.ac.ma,Gr_GÉN_2
Berrada,Hamza,hamza.berrada1101@etu.uae.ac.ma,GP_GÉN
Filali,Zineb,zineb.filali1102@etu.uae.ac.ma,GP_GÉN
Kadiri,Amine,amine.kadiri1103@etu.uae.ac.ma,GP_GÉN
Ouazzani,Khadija,khadija.ouazzani1104@etu.uae.ac.ma,GP_GÉN
Senhaji,Othmane,othmane.senhaji1105@etu.uae.ac.ma,GP_GÉN
Benkirane,Leila,leila.benkirane1106@etu.uae.ac.ma,GP_GÉN
Tahiri,Brahim,brahim.tahiri1107@etu.uae.ac.ma,GP_GÉN
Kabbaj,Salma,salma.kabbaj1108@etu.uae.ac.ma,GP_GÉN
Bennai,Yassir,yassir.bennai1109@etu.uae.ac.ma,GP_GÉN
Alami,Mohammed,mohammed.alami1110@etu.uae.ac.ma,GP_GÉN
Bennani,Fatima,fatima.bennani1111@etu.uae.ac.ma,GP_GÉN
Tazi,Ahmed,ahmed.tazi1112@etu.uae.ac.ma,GP_GÉN
Idrissi,Sara,sara.idrissi1113@etu.uae.ac.ma,GP_GÉN
Kettani,Karim,karim.kettani1114@etu.uae.ac.ma,GP_GÉN
Amrani,Youssef,youssef.amrani1115@etu.uae.ac.ma,GP_GÉN
Chraibi,Laila,laila.chraibi1116@etu.uae.ac.ma,GP_GÉN
Fassi,Omar,omar.fassi1117@etu.uae.ac.ma,GP_GÉN
Benjelloun,Nadia,nadia.benjelloun1118@etu.uae.ac.ma,GP_GÉN
Sefrioui,Hassan,hassan.sefrioui1119@etu.uae.ac.ma,GP_GÉN
Badri,Meryem,meryem.badri1120@etu.uae.ac.ma,GP_GÉN
Zahraoui,Rachid,rachid.zahraoui1121@etu.uae.ac.ma,GP_GÉN
Cherkaoui,Samira,samira.cherkaoui1122@etu.uae.ac.ma,GP_GÉN
Mansouri,Khalid,khalid.mansouri1123@etu.uae.ac.ma,GP_GÉN
Tounsi,Imane,imane.tounsi1124@etu.uae.ac.ma,GP_GÉN
Hajji,Abdelkader,abdelkader.hajji1125@etu.uae.ac.ma,GP_GÉN
Lahlou,Houda,houda.lahlou1126@etu.uae.ac.ma,GP_GÉN
Bouzidi,Mustapha,mustapha.bouzidi1127@etu.uae.ac.ma,GP_GÉN
Haddaoui,Asma,asma.haddaoui1128@etu.uae.ac.ma,GP_GÉN
Naji,Driss,driss.naji1129@etu.uae.ac.ma,GP_GÉN
Moussaoui,Sanae,sanae.moussaoui1130@etu.uae.ac.ma,GP_GÉN
Berrada,Hamza,hamza.berrada1131@etu.uae.ac.ma,GP_GÉN
Filali,Zineb,zineb.filali1132@etu.uae.ac.ma,GP_GÉN
Kadiri,Amine,amine.kadiri1133@etu.uae.ac.ma,GP_GÉN
Ouazzani,Khadija,khadija.ouazzani1134@etu.uae.ac.ma,GP_GÉN
Senhaji,Othmane,othmane.senhaji1135@etu.uae.ac.ma,GP_GÉN
Benkirane,Leila,leila.benkirane1136@etu.uae.ac.ma,GP_GÉN
Tahiri,Brahim,brahim.tahiri1137@etu.uae.ac.ma,GP_GÉN
Kabbaj,Salma,salma.kabbaj1138@etu.uae.ac.ma,GP_GÉN
Bennai,Yassir,yassir.bennai1139@etu.uae.ac.ma,GP_GÉN
Alami,Mohammed,mohammed.alami1140@etu.uae.ac.ma,GP_GÉN
Bennani,Fatima,fatima.bennani1141@etu.uae.ac.ma,GP_GÉN
Tazi,Ahmed,ahmed.tazi1142@etu.uae.ac.ma,GP_GÉN
Idrissi,Sara,sara.idrissi1143@etu.uae.ac.ma,GP_GÉN
Kettani,Karim,karim.kettani1144@etu.uae.ac.ma,GP_GÉN
Amrani,Youssef,youssef.amrani1145@etu.uae.ac.ma,GP_GÉN
Chraibi,Laila,laila.chraibi1146@etu.uae.ac.ma,GP_GÉN
Fassi,Omar,omar.fassi1147@etu.uae.ac.ma,GP_GÉN
Benjelloun,Nadia,nadia.benjelloun1148@etu.uae.ac.ma,GP_GÉN
Sefrioui,Hassan,hassan.sefrioui1149@etu.uae.ac.ma,GP_GÉN
Badri,Meryem,meryem.badri1150@etu.uae.ac.ma,GP_GÉN
Zahraoui,Rachid,rachid.zahraoui1151@etu.uae.ac.ma,Gr_GÉN_1
Cherkaoui,Samira,samira.cherkaoui1152@etu.uae.ac.ma,Gr_GÉN_1
Mansouri,Khalid,khalid.mansouri1153@etu.uae.ac.ma,Gr_GÉN_1
Tounsi,Imane,imane.tounsi1154@etu.uae.ac.ma,Gr_GÉN_1
Hajji,Abdelkader,abdelkader.hajji1155@etu.uae.ac.ma,Gr_GÉN_1
Lahlou,Houda,houda.lahlou1156@etu.uae.ac.ma,Gr_GÉN_1
Bouzidi,Mustapha,mustapha.bouzidi1157@etu.uae.ac.ma,Gr_GÉN_1
Haddaoui,Asma,asma.haddaoui1158@etu.uae.ac.ma,Gr_GÉN_1
Naji,Driss,driss.naji1159@etu.uae.ac.ma,Gr_GÉN_1
Moussaoui,Sanae,sanae.moussaoui1160@etu.uae.ac.ma,Gr_GÉN_1
Berrada,Hamza,hamza.berrada1161@etu.uae.ac.ma,Gr_GÉN_1
Filali,Zineb,zineb.filali1162@etu.uae.ac.ma,Gr_GÉN_1
Kadiri,Amine,amine.kadiri1163@etu.uae.ac.ma,Gr_GÉN_1
Ouazzani,Khadija,khadija.ouazzani1164@etu.uae.ac.ma,Gr_GÉN_1
Senhaji,Othmane,othmane.senhaji1165@etu.uae.ac.ma,Gr_GÉN_1
Benkirane,Leila,leila.benkirane1166@etu.uae.ac.ma,Gr_GÉN_1
Tahiri,Brahim,brahim.tahiri1167@etu.uae.ac.ma,Gr_GÉN_1
Kabbaj,Salma,salma.kabbaj1168@etu.uae.ac.ma,Gr_GÉN_1
Bennai,Yassir,yassir.bennai1169@etu.uae.ac.ma,Gr_GÉN_1
Alami,Mohammed,mohammed.alami1170@etu.uae.ac.ma,Gr_GÉN_1
Bennani,Fatima,fatima.bennani1171@etu.uae.ac.ma,Gr_GÉN_1
Tazi,Ahmed,ahmed.tazi1172@etu.uae.ac.ma,Gr_GÉN_1
Idrissi,Sara,sara.idrissi1173@etu.uae.ac.ma,Gr_GÉN_1
Kettani,Karim,karim.kettani1174@etu.uae.ac.ma,Gr_GÉN_1
Amrani,Youssef,youssef.amrani1175@etu.uae.ac.ma,Gr_GÉN_1
Chraibi,Laila,laila.chraibi1176@etu.uae.ac.ma,Gr_GÉN_2
Fassi,Omar,omar.fassi1177@etu.uae.ac.ma,Gr_GÉN_2
Benjelloun,Nadia,nadia.benjelloun1178@etu.uae.ac.ma,Gr_GÉN_2
Sefrioui,Hassan,hassan.sefrioui1179@etu.uae.ac.ma,Gr_GÉN_2
Badri,Meryem,meryem.badri1180@etu.uae.ac.ma,Gr_GÉN_2
Zahraoui,Rachid,rachid.zahraoui1181@etu.uae.ac.ma,Gr_GÉN_2
Cherkaoui,Samira,samira.cherkaoui1182@etu.uae.ac.ma,Gr_GÉN_2
Mansouri,Khalid,khalid.mansouri1183@etu.uae.ac.ma,Gr_GÉN_2
Tounsi,Imane,imane.tounsi1184@etu.uae.ac.ma,Gr_GÉN_2
Hajji,Abdelkader,abdelkader.hajji1185@etu.uae.ac.ma,Gr_GÉN_2
Lahlou,Houda,houda.lahlou1186@etu.uae.ac.ma,Gr_GÉN_2
Bouzidi,Mustapha,mustapha.bouzidi1187@etu.uae.ac.ma,Gr_GÉN_2
Haddaoui,Asma,asma.haddaoui1188@etu.uae.ac.ma,Gr_GÉN_2
Naji,Driss,driss.naji1189@etu.uae.ac.ma,Gr_GÉN_2
Moussaoui,Sanae,sanae.moussaoui1190@etu.uae.ac.ma,Gr_GÉN_2
Berrada,Hamza,hamza.berrada1191@etu.uae.ac.ma,Gr_GÉN_2
Filali,Zineb,zineb.filali1192@etu.uae.ac.ma,Gr_GÉN_2
Kadiri,Amine,amine.kadiri1193@etu.uae.ac.ma,Gr_GÉN_2
Ouazzani,Khadija,khadija.ouazzani1194@etu.uae.ac.ma,Gr_GÉN_2
Senhaji,Othmane,othmane.senhaji1195@etu.uae.ac.ma,Gr_GÉN_2
Benkirane,Leila,leila.benkirane1196@etu.uae.ac.ma,Gr_GÉN_2
Tahiri,Brahim,brahim.tahiri1197@etu.uae.ac.ma,Gr_GÉN_2
Kabbaj,Salma,salma.kabbaj1198@etu.uae.ac.ma,Gr_GÉN_2
Bennai,Yassir,yassir.bennai1199@etu.uae.ac.ma,Gr_GÉN_2
Alami,Mohammed,mohammed.alami1200@etu.uae.ac.ma,Gr_GÉN_2
Bennani,Fatima,fatima.bennani1201@etu.uae.ac.ma,GP_DES
Tazi,Ahmed,ahmed.tazi1202@etu.uae.ac.ma,GP_DES
Idrissi,Sara,sara.idrissi1203@etu.uae.ac.ma,GP_DES
Kettani,Karim,karim.kettani1204@etu.uae.ac.ma,GP_DES
Amrani,Youssef,youssef.amrani1205@etu.uae.ac.ma,GP_DES
Chraibi,Laila,laila.chraibi1206@etu.uae.ac.ma,GP_DES
Fassi,Omar,omar.fassi1207@etu.uae.ac.ma,GP_DES
Benjelloun,Nadia,nadia.benjelloun1208@etu.uae.ac.ma,GP_DES
Sefrioui,Hassan,hassan.sefrioui1209@etu.uae.ac.ma,GP_DES
Badri,Meryem,meryem.badri1210@etu.uae.ac.ma,GP_DES
Zahraoui,Rachid,rachid.zahraoui1211@etu.uae.ac.ma,GP_DES
Cherkaoui,Samira,samira.cherkaoui1212@etu.uae.ac.ma,GP_DES
Mansouri,Khalid,khalid.mansouri1213@etu.uae.ac.ma,GP_DES
Tounsi,Imane,imane.tounsi1214@etu.uae.ac.ma,GP_DES
Hajji,Abdelkader,abdelkader.hajji1215@etu.uae.ac.ma,GP_DES
Lahlou,Houda,houda.lahlou1216@etu.uae.ac.ma,GP_DES
Bouzidi,Mustapha,mustapha.bouzidi1217@etu.uae.ac.ma,GP_DES
Haddaoui,Asma,asma.haddaoui1218@etu.uae.ac.ma,GP_DES
Naji,Driss,driss.naji1219@etu.uae.ac.ma,GP_DES
Moussaoui,Sanae,sanae.moussaoui1220@etu.uae.ac.ma,GP_DES
Berrada,Hamza,hamza.berrada1221@etu.uae.ac.ma,GP_DES
Filali,Zineb,zineb.filali1222@etu.uae.ac.ma,GP_DES
Kadiri,Amine,amine.kadiri1223@etu.uae.ac.ma,GP_DES
Ouazzani,Khadija,khadija.ouazzani1224@etu.uae.ac.ma,GP_DES
Senhaji,Othmane,othmane.senhaji1225@etu.uae.ac.ma,GP_DES
Benkirane,Leila,leila.benkirane1226@etu.uae.ac.ma,GP_DES
Tahiri,Brahim,brahim.tahiri1227@etu.uae.ac.ma,GP_DES
Kabbaj,Salma,salma.kabbaj1228@etu.uae.ac.ma,GP_DES
Bennai,Yassir,yassir.bennai1229@etu.uae.ac.ma,GP_DES
Alami,Mohammed,mohammed.alami1230@etu.uae.ac.ma,GP_DES
Bennani,Fatima,fatima.bennani1231@etu.uae.ac.ma,GP_DES
Tazi,Ahmed,ahmed.tazi1232@etu.uae.ac.ma,GP_DES
Idrissi,Sara,sara.idrissi1233@etu.uae.ac.ma,GP_DES
Kettani,Karim,karim.kettani1234@etu.uae.ac.ma,GP_DES
Amrani,Youssef,youssef.amrani1235@etu.uae.ac.ma,GP_DES
Chraibi,Laila,laila.chraibi1236@etu.uae.ac.ma,GP_DES
Fassi,Omar,omar.fassi1237@etu.uae.ac.ma,GP_DES
Benjelloun,Nadia,nadia.benjelloun1238@etu.uae.ac.ma,GP_DES
Sefrioui,Hassan,hassan.sefrioui1239@etu.uae.ac.ma,GP_DES
Badri,Meryem,meryem.badri1240@etu.uae.ac.ma,GP_DES
Zahraoui,Rachid,rachid.zahraoui1241@etu.uae.ac.ma,GP_DES
Cherkaoui,Samira,samira.cherkaoui1242@etu.uae.ac.ma,GP_DES
Mansouri,Khalid,khalid.mansouri1243@etu.uae.ac.ma,GP_DES
Tounsi,Imane,imane.tounsi1244@etu.uae.ac.ma,GP_DES
Hajji,Abdelkader,abdelkader.hajji1245@etu.uae.ac.ma,GP_DES
Lahlou,Houda,houda.lahlou1246@etu.uae.ac.ma,GP_DES
Bouzidi,Mustapha,mustapha.bouzidi1247@etu.uae.ac.ma,GP_DES
Haddaoui,Asma,asma.haddaoui1248@etu.uae.ac.ma,GP_DES
Naji,Driss,driss.naji1249@etu.uae.ac.ma,GP_DES
Moussaoui,Sanae,sanae.moussaoui1250@etu.uae.ac.ma,GP_DES
Berrada,Hamza,hamza.berrada1251@etu.uae.ac.ma,Gr_DES_1
Filali,Zineb,zineb.filali1252@etu.uae.ac.ma,Gr_DES_1
Kadiri,Amine,amine.kadiri1253@etu.uae.ac.ma,Gr_DES_1
Ouazzani,Khadija,khadija.ouazzani1254@etu.uae.ac.ma,Gr_DES_1
Senhaji,Othmane,othmane.senhaji1255@etu.uae.ac.ma,Gr_DES_1
Benkirane,Leila,leila.benkirane1256@etu.uae.ac.ma,Gr_DES_1
Tahiri,Brahim,brahim.tahiri1257@etu.uae.ac.ma,Gr_DES_1
Kabbaj,Salma,salma.kabbaj1258@etu.uae.ac.ma,Gr_DES_1
Bennai,Yassir,yassir.bennai1259@etu.uae.ac.ma,Gr_DES_1
Alami,Mohammed,mohammed.alami1260@etu.uae.ac.ma,Gr_DES_1
Bennani,Fatima,fatima.bennani1261@etu.uae.ac.ma,Gr_DES_1
Tazi,Ahmed,ahmed.tazi1262@etu.uae.ac.ma,Gr_DES_1
Idrissi,Sara,sara.idrissi1263@etu.uae.ac.ma,Gr_DES_1
Kettani,Karim,karim.kettani1264@etu.uae.ac.ma,Gr_DES_1
Amrani,Youssef,youssef.amrani1265@etu.uae.ac.ma,Gr_DES_1
Chraibi,Laila,laila.chraibi1266@etu.uae.ac.ma,Gr_DES_1
Fassi,Omar,omar.fassi1267@etu.uae.ac.ma,Gr_DES_1
Benjelloun,Nadia,nadia.benjelloun1268@etu.uae.ac.ma,Gr_DES_1
Sefrioui,Hassan,hassan.sefrioui1269@etu.uae.ac.ma,Gr_DES_1
Badri,Meryem,meryem.badri1270@etu.uae.ac.ma,Gr_DES_1
Zahraoui,Rachid,rachid.zahraoui1271@etu.uae.ac.ma,Gr_DES_1
Cherkaoui,Samira,samira.cherkaoui1272@etu.uae.ac.ma,Gr_DES_1
Mansouri,Khalid,khalid.mansouri1273@etu.uae.ac.ma,Gr_DES_1
Tounsi,Imane,imane.tounsi1274@etu.uae.ac.ma,Gr_DES_1
Hajji,Abdelkader,abdelkader.hajji1275@etu.uae.ac.ma,Gr_DES_1
Lahlou,Houda,houda.lahlou1276@etu.uae.ac.ma,Gr_DES_2
Bouzidi,Mustapha,mustapha.bouzidi1277@etu.uae.ac.ma,Gr_DES_2
Haddaoui,Asma,asma.haddaoui1278@etu.uae.ac.ma,Gr_DES_2
Naji,Driss,driss.naji1279@etu.uae.ac.ma,Gr_DES_2
Moussaoui,Sanae,sanae.moussaoui1280@etu.uae.ac.ma,Gr_DES_2
Berrada,Hamza,hamza.berrada1281@etu.uae.ac.ma,Gr_DES_2
Filali,Zineb,zineb.filali1282@etu.uae.ac.ma,Gr_DES_2
Kadiri,Amine,amine.kadiri1283@etu.uae.ac.ma,Gr_DES_2
Ouazzani,Khadija,khadija.ouazzani1284@etu.uae.ac.ma,Gr_DES_2
Senhaji,Othmane,othmane.senhaji1285@etu.uae.ac.ma,Gr_DES_2
Benkirane,Leila,leila.benkirane1286@etu.uae.ac.ma,Gr_DES_2
Tahiri,Brahim,brahim.tahiri1287@etu.uae.ac.ma,Gr_DES_2
Kabbaj,Salma,salma.kabbaj1288@etu.uae.ac.ma,Gr_DES_2
Bennai,Yassir,yassir.bennai1289@etu.uae.ac.ma,Gr_DES_2
Alami,Mohammed,mohammed.alami1290@etu.uae.ac.ma,Gr_DES_2
Bennani,Fatima,fatima.bennani1291@etu.uae.ac.ma,Gr_DES_2
Tazi,Ahmed,ahmed.tazi1292@etu.uae.ac.ma,Gr_DES_2
Idrissi,Sara,sara.idrissi1293@etu.uae.ac.ma,Gr_DES_2
Kettani,Karim,karim.kettani1294@etu.uae.ac.ma,Gr_DES_2
Amrani,Youssef,youssef.amrani1295@etu.uae.ac.ma,Gr_DES_2
Chraibi,Laila,laila.chraibi1296@etu.uae.ac.ma,Gr_DES_2
Fassi,Omar,omar.fassi1297@etu.uae.ac.ma,Gr_DES_2
Benjelloun,Nadia,nadia.benjelloun1298@etu.uae.ac.ma,Gr_DES_2
Sefrioui,Hassan,hassan.sefrioui1299@etu.uae.ac.ma,Gr_DES_2
Badri,Meryem,meryem.badri1300@etu.uae.ac.ma,Gr_DES_2
